{
    "name": "root",
    "gauges": {
        "DollAgent.Policy.Entropy.mean": {
            "value": 1.41266930103302,
            "min": 1.41266930103302,
            "max": 1.4189382791519165,
            "count": 11
        },
        "DollAgent.Policy.Entropy.sum": {
            "value": 14115.3916015625,
            "min": 14079.974609375,
            "max": 14250.009765625,
            "count": 11
        },
        "DollAgent.Environment.EpisodeLength.mean": {
            "value": 43.47533632286996,
            "min": 32.784511784511785,
            "max": 51.63350785340314,
            "count": 11
        },
        "DollAgent.Environment.EpisodeLength.sum": {
            "value": 9695.0,
            "min": 9587.0,
            "max": 9904.0,
            "count": 11
        },
        "DollAgent.Step.mean": {
            "value": 109970.0,
            "min": 9973.0,
            "max": 109970.0,
            "count": 11
        },
        "DollAgent.Step.sum": {
            "value": 109970.0,
            "min": 9973.0,
            "max": 109970.0,
            "count": 11
        },
        "DollAgent.Policy.ExtrinsicValueEstimate.mean": {
            "value": 5152.6845703125,
            "min": 0.06753941625356674,
            "max": 5152.6845703125,
            "count": 11
        },
        "DollAgent.Policy.ExtrinsicValueEstimate.sum": {
            "value": 1483973.125,
            "min": 22.220468521118164,
            "max": 1483973.125,
            "count": 11
        },
        "DollAgent.Environment.CumulativeReward.mean": {
            "value": 140.98090572668565,
            "min": 82.41097758087339,
            "max": 140.98090572668565,
            "count": 11
        },
        "DollAgent.Environment.CumulativeReward.sum": {
            "value": 31438.7419770509,
            "min": 22161.747627973557,
            "max": 32824.84506225586,
            "count": 11
        },
        "DollAgent.Policy.ExtrinsicReward.mean": {
            "value": 140.98090572668565,
            "min": 82.41097758087339,
            "max": 140.98090572668565,
            "count": 11
        },
        "DollAgent.Policy.ExtrinsicReward.sum": {
            "value": 31438.7419770509,
            "min": 22161.747627973557,
            "max": 32824.84506225586,
            "count": 11
        },
        "DollAgent.IsTraining.mean": {
            "value": 1.0,
            "min": 1.0,
            "max": 1.0,
            "count": 11
        },
        "DollAgent.IsTraining.sum": {
            "value": 1.0,
            "min": 1.0,
            "max": 1.0,
            "count": 11
        },
        "DollAgent.Losses.PolicyLoss.mean": {
            "value": 0.025049405940808355,
            "min": 0.017698279112422218,
            "max": 0.028326709809092184,
            "count": 10
        },
        "DollAgent.Losses.PolicyLoss.sum": {
            "value": 0.025049405940808355,
            "min": 0.017698279112422218,
            "max": 0.028326709809092184,
            "count": 10
        },
        "DollAgent.Losses.ValueLoss.mean": {
            "value": 27643095.6,
            "min": 2063.975130208333,
            "max": 27643095.6,
            "count": 10
        },
        "DollAgent.Losses.ValueLoss.sum": {
            "value": 27643095.6,
            "min": 2063.975130208333,
            "max": 27643095.6,
            "count": 10
        },
        "DollAgent.Policy.LearningRate.mean": {
            "value": 0.00029692143102619007,
            "min": 0.00029692143102619007,
            "max": 0.00029969145010285005,
            "count": 10
        },
        "DollAgent.Policy.LearningRate.sum": {
            "value": 0.00029692143102619007,
            "min": 0.00029692143102619007,
            "max": 0.00029969145010285005,
            "count": 10
        },
        "DollAgent.Policy.Epsilon.mean": {
            "value": 0.19897381,
            "min": 0.19897381,
            "max": 0.19989715000000002,
            "count": 10
        },
        "DollAgent.Policy.Epsilon.sum": {
            "value": 0.19897381,
            "min": 0.19897381,
            "max": 0.19989715000000002,
            "count": 10
        },
        "DollAgent.Policy.Beta.mean": {
            "value": 0.000494971669,
            "min": 0.000494971669,
            "max": 0.000499496035,
            "count": 10
        },
        "DollAgent.Policy.Beta.sum": {
            "value": 0.000494971669,
            "min": 0.000494971669,
            "max": 0.000499496035,
            "count": 10
        }
    },
    "metadata": {
        "timer_format_version": "0.1.0",
        "start_time_seconds": "1746882233",
        "python_version": "3.10.11 (tags/v3.10.11:7d4cc5a, Apr  5 2023, 00:38:17) [MSC v.1929 64 bit (AMD64)]",
        "command_line_arguments": "C:\\Users\\arron\\AppData\\Local\\Programs\\Python\\Python310\\Scripts\\mlagents-learn Assets\\DollAgentConfig.yaml --run-id=doll_multi_run_007x5 --force",
        "mlagents_version": "1.1.0",
        "mlagents_envs_version": "1.1.0",
        "communication_protocol_version": "1.5.0",
        "pytorch_version": "2.6.0+cpu",
        "numpy_version": "1.23.5",
        "end_time_seconds": "1746882554"
    },
    "total": 321.6806099000387,
    "count": 1,
    "self": 0.0062782003078609705,
    "children": {
        "run_training.setup": {
            "total": 0.08518409985117614,
            "count": 1,
            "self": 0.08518409985117614
        },
        "TrainerController.start_learning": {
            "total": 321.58914759987965,
            "count": 1,
            "self": 0.5779232040513307,
            "children": {
                "TrainerController._reset_env": {
                    "total": 13.049250800162554,
                    "count": 1,
                    "self": 13.049250800162554
                },
                "TrainerController.advance": {
                    "total": 307.8784739957191,
                    "count": 30341,
                    "self": 0.49564419174566865,
                    "children": {
                        "env_step": {
                            "total": 275.01368061779067,
                            "count": 30341,
                            "self": 235.64242353173904,
                            "children": {
                                "SubprocessEnvManager._take_step": {
                                    "total": 39.01091217272915,
                                    "count": 30341,
                                    "self": 1.2954217095393687,
                                    "children": {
                                        "TorchPolicy.evaluate": {
                                            "total": 37.71549046318978,
                                            "count": 28798,
                                            "self": 37.71549046318978
                                        }
                                    }
                                },
                                "workers": {
                                    "total": 0.36034491332247853,
                                    "count": 30340,
                                    "self": 0.0,
                                    "children": {
                                        "worker_root": {
                                            "total": 246.51291258540004,
                                            "count": 30340,
                                            "is_parallel": true,
                                            "self": 101.69228811049834,
                                            "children": {
                                                "steps_from_proto": {
                                                    "total": 0.0018134000711143017,
                                                    "count": 1,
                                                    "is_parallel": true,
                                                    "self": 0.0005342001095414162,