{
    "name": "root",
    "gauges": {
        "DollAgent.Policy.Entropy.mean": {
            "value": 1.06923508644104,
            "min": 1.06923508644104,
            "max": 1.4189382791519165,
            "count": 157
        },
        "DollAgent.Policy.Entropy.sum": {
            "value": 10692.3505859375,
            "min": 10683.1298828125,
            "max": 14382.3583984375,
            "count": 157
        },
        "DollAgent.Environment.EpisodeLength.mean": {
            "value": 65.68211920529801,
            "min": 25.505291005291006,
            "max": 65.73333333333333,
            "count": 157
        },
        "DollAgent.Environment.EpisodeLength.sum": {
            "value": 9918.0,
            "min": 9613.0,
            "max": 10072.0,
            "count": 157
        },
        "DollAgent.Step.mean": {
            "value": 1569958.0,
            "min": 9995.0,
            "max": 1569958.0,
            "count": 157
        },
        "DollAgent.Step.sum": {
            "value": 1569958.0,
            "min": 9995.0,
            "max": 1569958.0,
            "count": 157
        },
        "DollAgent.Policy.ExtrinsicValueEstimate.mean": {
            "value": 36.116233825683594,
            "min": 0.030481863766908646,
            "max": 36.71549987792969,
            "count": 157
        },
        "DollAgent.Policy.ExtrinsicValueEstimate.sum": {
            "value": 8162.2685546875,
            "min": 11.491662979125977,
            "max": 8189.85595703125,
            "count": 157
        },
        "DollAgent.Environment.CumulativeReward.mean": {
            "value": 108.68516095268805,
            "min": 31.6180456702842,
            "max": 110.50146253262797,
            "count": 157
        },
        "DollAgent.Environment.CumulativeReward.sum": {
            "value": 16411.459303855896,
            "min": 10380.864055752754,
            "max": 17127.726692557335,
            "count": 157
        },
        "DollAgent.Policy.ExtrinsicReward.mean": {
            "value": 108.68516095268805,
            "min": 31.6180456702842,
            "max": 110.50146253262797,
            "count": 157
        },
        "DollAgent.Policy.ExtrinsicReward.sum": {
            "value": 16411.459303855896,
            "min": 10380.864055752754,
            "max": 17127.726692557335,
            "count": 157
        },
        "DollAgent.IsTraining.mean": {
            "value": 1.0,
            "min": 1.0,
            "max": 1.0,
            "count": 157
        },
        "DollAgent.IsTraining.sum": {
            "value": 1.0,
            "min": 1.0,
            "max": 1.0,
            "count": 157
        },
        "DollAgent.Losses.PolicyLoss.mean": {
            "value": 0.022870856288257833,
            "min": 0.019861107201722916,
            "max": 0.03182365621711748,
            "count": 76
        },
        "DollAgent.Losses.PolicyLoss.sum": {
            "value": 0.022870856288257833,
            "min": 0.019861107201722916,
            "max": 0.03182365621711748,
            "count": 76
        },
        "DollAgent.Losses.ValueLoss.mean": {
            "value": 20.495951159795126,
            "min": 8.505075383186341,
            "max": 22.64913584391276,
            "count": 76
        },
        "DollAgent.Losses.ValueLoss.sum": {
            "value": 20.495951159795126,
            "min": 8.505075383186341,
            "max": 22.64913584391276,
            "count": 76
        },
        "DollAgent.Policy.LearningRate.mean": {
            "value": 0.0004220482655903499,
            "min": 0.0004220482655903499,
            "max": 0.0004989756002048802,
            "count": 76
        },
        "DollAgent.Policy.LearningRate.sum": {
            "value": 0.0004220482655903499,
            "min": 0.0004220482655903499,
            "max": 0.0004989756002048802,
            "count": 76
        },
        "DollAgent.Policy.Epsilon.mean": {
            "value": 0.18440964999999998,
            "min": 0.18440964999999998,
            "max": 0.19979512,
            "count": 76
        },
        "DollAgent.Policy.Epsilon.sum": {
            "value": 0.18440964999999998,
            "min": 0.18440964999999998,
            "max": 0.19979512,
            "count": 76
        },
        "DollAgent.Policy.Beta.mean": {
            "value": 0.00042360728499999994,
            "min": 0.00042360728499999994,
            "max": 0.000498996088,
            "count": 76
        },
        "DollAgent.Policy.Beta.sum": {
            "value": 0.00042360728499999994,
            "min": 0.00042360728499999994,
            "max": 0.000498996088,
            "count": 76
        }
    },
    "metadata": {
        "timer_format_version": "0.1.0",
        "start_time_seconds": "1747050333",
        "python_version": "3.10.11 (tags/v3.10.11:7d4cc5a, Apr  5 2023, 00:38:17) [MSC v.1929 64 bit (AMD64)]",
        "command_line_arguments": "C:\\Users\\arron\\AppData\\Local\\Programs\\Python\\Python310\\Scripts\\mlagents-learn Assets\\DollAgentConfig.yaml --run-id=dollx8_new_joint_cntrl_run001 --force",
        "mlagents_version": "1.1.0",
        "mlagents_envs_version": "1.1.0",
        "communication_protocol_version": "1.5.0",
        "pytorch_version": "2.6.0+cpu",
        "numpy_version": "1.23.5",
        "end_time_seconds": "1747052961"
    },
    "total": 2627.816207899945,
    "count": 1,
    "self": 0.004508699988946319,
    "children": {
        "run_training.setup": {
            "total": 0.07264279993250966,
            "count": 1,
            "self": 0.07264279993250966
        },
        "TrainerController.start_learning": {
            "total": 2627.7390564000234,
            "count": 1,
            "self": 3.892647327389568,
            "children": {
                "TrainerController._reset_env": {
                    "total": 11.944597899913788,
                    "count": 1,
                    "self": 11.944597899913788
                },
                "TrainerController.advance": {
                    "total": 2611.8248730727937,
                    "count": 197134,
                    "self": 3.490406140452251,
                    "children": {
                        "env_step": {
                            "total": 2137.2572240284644,
                            "count": 197134,
                            "self": 1861.225863025291,
                            "children": {
                                "SubprocessEnvManager._take_step": {
                                    "total": 273.6089114723727,
                                    "count": 197134,
                                    "self": 9.101853994186968,
                                    "children": {
                                        "TorchPolicy.evaluate": {
                                            "total": 264.50705747818574,
                                            "count": 197134,
                                            "self": 264.50705747818574
                                        }
                                    }
                                },
                                "workers": {
                                    "total": 2.4224495308008045,
                                    "count": 197133,
                                    "self": 0.0,
                                    "children": {
                                        "worker_root": {
                                            "total": 2547.105000705924,
                                            "count": 197133,
                                            "is_parallel": true,
                                            "self": 969.705278676236,
                                            "children": {
                                                "steps_from_proto": {
                                                    "total": 0.0010134999174624681,
                                                    "count": 1,