{
    "name": "root",
    "gauges": {
        "DollAgent.Policy.Entropy.mean": {
            "value": 1.4190789461135864,
            "min": 1.4189382791519165,
            "max": 1.427289366722107,
            "count": 34
        },
        "DollAgent.Policy.Entropy.sum": {
            "value": 14508.6630859375,
            "min": 13900.25390625,
            "max": 14693.4658203125,
            "count": 34
        },
        "DollAgent.Environment.EpisodeLength.mean": {
            "value": 99.43,
            "min": 82.31666666666666,
            "max": 101.62244897959184,
            "count": 34
        },
        "DollAgent.Environment.EpisodeLength.sum": {
            "value": 9943.0,
            "min": 9764.0,
            "max": 9992.0,
            "count": 34
        },
        "DollAgent.Step.mean": {
            "value": 339948.0,
            "min": 9973.0,
            "max": 339948.0,
            "count": 34
        },
        "DollAgent.Step.sum": {
            "value": 339948.0,
            "min": 9973.0,
            "max": 339948.0,
            "count": 34
        },
        "DollAgent.Policy.ExtrinsicValueEstimate.mean": {
            "value": 55.88602066040039,
            "min": -0.022562360391020775,
            "max": 57.84459686279297,
            "count": 34
        },
        "DollAgent.Policy.ExtrinsicValueEstimate.sum": {
            "value": 5588.60205078125,
            "min": -2.6172337532043457,
            "max": 5858.32568359375,
            "count": 34
        },
        "DollAgent.Policy.CuriosityValueEstimate.mean": {
            "value": 19.352420806884766,
            "min": 0.005595005117356777,
            "max": 28.069429397583008,
            "count": 34
        },
        "DollAgent.Policy.CuriosityValueEstimate.sum": {
            "value": 1935.2420654296875,
            "min": 0.6434255838394165,
            "max": 3069.12353515625,
            "count": 34
        },
        "DollAgent.Environment.CumulativeReward.mean": {
            "value": 144.75893936157226,
            "min": 115.75774453481039,
            "max": 146.37409895293567,
            "count": 34
        },
        "DollAgent.Environment.CumulativeReward.sum": {
            "value": 14475.893936157227,
            "min": 13722.520217895508,
            "max": 14520.010124206543,
            "count": 34
        },
        "DollAgent.Policy.ExtrinsicReward.mean": {
            "value": 144.75893936157226,
            "min": 115.75774453481039,
            "max": 146.37409895293567,
            "count": 34
        },
        "DollAgent.Policy.ExtrinsicReward.sum": {
            "value": 14475.893936157227,
            "min": 13722.520217895508,
            "max": 14520.010124206543,
            "count": 34
        },
        "DollAgent.Policy.CuriosityReward.mean": {
            "value": 8.486629195213318,
            "min": 0.0,
            "max": 86.79332255487857,
            "count": 34
        },
        "DollAgent.Policy.CuriosityReward.sum": {
            "value": 848.6629195213318,
            "min": 0.0,
            "max": 9981.232093811035,
            "count": 34
        },
        "DollAgent.IsTraining.mean": {
            "value": 1.0,
            "min": 1.0,
            "max": 1.0,
            "count": 34
        },
        "DollAgent.IsTraining.sum": {
            "value": 1.0,
            "min": 1.0,
            "max": 1.0,
            "count": 34
        },
        "DollAgent.Losses.PolicyLoss.mean": {
            "value": 0.01441622070997255,
            "min": 0.01283789237087755,
            "max": 0.020562284156524887,
            "count": 16
        },
        "DollAgent.Losses.PolicyLoss.sum": {
            "value": 0.01441622070997255,
            "min": 0.01283789237087755,
            "max": 0.020562284156524887,
            "count": 16
        },
        "DollAgent.Losses.ValueLoss.mean": {
            "value": 27.108666483561198,
            "min": 27.108666483561198,
            "max": 108.24008833567301,
            "count": 16
        },
        "DollAgent.Losses.ValueLoss.sum": {
            "value": 27.108666483561198,
            "min": 27.108666483561198,
            "max": 108.24008833567301,
            "count": 16
        },
        "DollAgent.Policy.LearningRate.mean": {
            "value": 0.00029876853416048866,
            "min": 0.00029876853416048866,
            "max": 0.000299923095025635,
            "count": 16
        },
        "DollAgent.Policy.LearningRate.sum": {
            "value": 0.00029876853416048866,
            "min": 0.00029876853416048866,
            "max": 0.000299923095025635,
            "count": 16
        },
        "DollAgent.Policy.Epsilon.mean": {
            "value": 0.19958951125000005,
            "min": 0.19958951125000005,
            "max": 0.19997436500000004,
            "count": 16
        },
        "DollAgent.Policy.Epsilon.sum": {
            "value": 0.19958951125000005,
            "min": 0.19958951125000005,
            "max": 0.19997436500000004,
            "count": 16
        },
        "DollAgent.Policy.Beta.mean": {
            "value": 0.004979516611374999,
            "min": 0.004979516611374999,
            "max": 0.0049987208135,
            "count": 16
        },
        "DollAgent.Policy.Beta.sum": {
            "value": 0.004979516611374999,
            "min": 0.004979516611374999,
            "max": 0.0049987208135,
            "count": 16
        },
        "DollAgent.Losses.CuriosityForwardLoss.mean": {
            "value": 0.9142839848995209,
            "min": 0.9142839848995209,
            "max": 115.40246639251708,
            "count": 16
        },
        "DollAgent.Losses.CuriosityForwardLoss.sum": {
            "value": 0.9142839848995209,
            "min": 0.9142839848995209,
            "max": 115.40246639251708,
            "count": 16
        },
        "DollAgent.Losses.CuriosityInverseLoss.mean": {
            "value": 108.04758783976237,
            "min": 102.8824467976888,
            "max": 194.69065500895184,
            "count": 16
        },
        "DollAgent.Losses.CuriosityInverseLoss.sum": {
            "value": 108.04758783976237,
            "min": 102.8824467976888,
            "max": 194.69065500895184,
            "count": 16
        }
    },
    "metadata": {
        "timer_format_version": "0.1.0",
        "start_time_seconds": "1747659664",
        "python_version": "3.10.11 (tags/v3.10.11:7d4cc5a, Apr  5 2023, 00:38:17) [MSC v.1929 64 bit (AMD64)]",
        "command_line_arguments": "C:\\Users\\arron\\AppData\\Local\\Programs\\Python\\Python310\\Scripts\\mlagents-learn Assets\\DollAgentConfig.yaml --env=C:\\Users\\arron\\ai tennis\\Build\\ai tennis.exe --run-id=dollx8_build_001 --force --no-graphics",
        "mlagents_version": "1.1.0",
        "mlagents_envs_version": "1.1.0",
        "communication_protocol_version": "1.5.0",
        "pytorch_version": "2.6.0+cpu",
        "numpy_version": "1.23.5",
        "end_time_seconds": "1747660329"
    },
    "total": 665.7054632999934,
    "count": 1,
    "self": 4.124679300002754,
    "children": {
        "run_training.setup": {
            "total": 0.06775539999944158,
            "count": 1,
            "self": 0.06775539999944158
        },
        "TrainerController.start_learning": {
            "total": 661.5130285999912,
            "count": 1,
            "self": 0.9069503021019045,
            "children": {
                "TrainerController._reset_env": {
                    "total": 4.114455100003397,
                    "count": 1,
                    "self": 4.114455100003397
                },
                "TrainerController.advance": {
                    "total": 656.3452537979174,
                    "count": 43126,
                    "self": 0.75606019992847,
                    "children": {
                        "env_step": {
                            "total": 484.10044610037585,
                            "count": 43126,