{
    "name": "root",
    "gauges": {
        "DollAgent.Policy.Entropy.mean": {
            "value": 1.355064034461975,
            "min": 1.355064034461975,
            "max": 1.4189382791519165,
            "count": 31
        },
        "DollAgent.Policy.Entropy.sum": {
            "value": 13566.9013671875,
            "min": 13543.333984375,
            "max": 14361.07421875,
            "count": 31
        },
        "DollAgent.Environment.EpisodeLength.mean": {
            "value": 23.355231143552313,
            "min": 16.339688041594453,
            "max": 23.355231143552313,
            "count": 31
        },
        "DollAgent.Environment.EpisodeLength.sum": {
            "value": 9599.0,
            "min": 9428.0,
            "max": 9599.0,
            "count": 31
        },
        "DollAgent.Step.mean": {
            "value": 309989.0,
            "min": 9990.0,
            "max": 309989.0,
            "count": 31
        },
        "DollAgent.Step.sum": {
            "value": 309989.0,
            "min": 9990.0,
            "max": 309989.0,
            "count": 31
        },
        "DollAgent.Policy.ExtrinsicValueEstimate.mean": {
            "value": 179.971435546875,
            "min": -0.07765582203865051,
            "max": 234.83692932128906,
            "count": 31
        },
        "DollAgent.Policy.ExtrinsicValueEstimate.sum": {
            "value": 76307.890625,
            "min": -45.273345947265625,
            "max": 110843.03125,
            "count": 31
        },
        "DollAgent.Environment.CumulativeReward.mean": {
            "value": 38.25654310959679,
            "min": 15.624061362403962,
            "max": 38.25654310959679,
            "count": 31
        },
        "DollAgent.Environment.CumulativeReward.sum": {
            "value": 15723.439218044281,
            "min": 8999.459344744682,
            "max": 15723.439218044281,
            "count": 31
        },
        "DollAgent.Policy.ExtrinsicReward.mean": {
            "value": 38.25654310959679,
            "min": 15.624061362403962,
            "max": 38.25654310959679,
            "count": 31
        },
        "DollAgent.Policy.ExtrinsicReward.sum": {
            "value": 15723.439218044281,
            "min": 8999.459344744682,
            "max": 15723.439218044281,
            "count": 31
        },
        "DollAgent.IsTraining.mean": {
            "value": 1.0,
            "min": 1.0,
            "max": 1.0,
            "count": 31
        },
        "DollAgent.IsTraining.sum": {
            "value": 1.0,
            "min": 1.0,
            "max": 1.0,
            "count": 31
        },
        "DollAgent.Losses.PolicyLoss.mean": {
            "value": 0.02667364538453209,
            "min": 0.017767090602622677,
            "max": 0.03323860210366547,
            "count": 30
        },
        "DollAgent.Losses.PolicyLoss.sum": {
            "value": 0.02667364538453209,
            "min": 0.017767090602622677,
            "max": 0.03323860210366547,
            "count": 30
        },
        "DollAgent.Losses.ValueLoss.mean": {
            "value": 233374.72864583333,
            "min": 511.41383972167966,
            "max": 267237.31197916664,
            "count": 30
        },
        "DollAgent.Losses.ValueLoss.sum": {
            "value": 233374.72864583333,
            "min": 511.41383972167966,
            "max": 267237.31197916664,
            "count": 30
        },
        "DollAgent.Policy.LearningRate.mean": {
            "value": 0.00029076723307758993,
            "min": 0.00029076723307758993,
            "max": 0.0002996927701024099,
            "count": 30
        },
        "DollAgent.Policy.LearningRate.sum": {
            "value": 0.00029076723307758993,
            "min": 0.00029076723307758993,
            "max": 0.0002996927701024099,
            "count": 30
        },
        "DollAgent.Policy.Epsilon.mean": {
            "value": 0.19692241000000002,
            "min": 0.19692241000000002,
            "max": 0.19989759,
            "count": 30
        },
        "DollAgent.Policy.Epsilon.sum": {
            "value": 0.19692241000000002,
            "min": 0.19692241000000002,
            "max": 0.19989759,
            "count": 30
        },
        "DollAgent.Policy.Beta.mean": {
            "value": 0.00048491980899999985,
            "min": 0.00048491980899999985,
            "max": 0.000499498191,
            "count": 30
        },
        "DollAgent.Policy.Beta.sum": {
            "value": 0.00048491980899999985,
            "min": 0.00048491980899999985,
            "max": 0.000499498191,
            "count": 30
        }
    },
    "metadata": {
        "timer_format_version": "0.1.0",
        "start_time_seconds": "1746968480",
        "python_version": "3.10.11 (tags/v3.10.11:7d4cc5a, Apr  5 2023, 00:38:17) [MSC v.1929 64 bit (AMD64)]",
        "command_line_arguments": "C:\\Users\\arron\\AppData\\Local\\Programs\\Python\\Python310\\Scripts\\mlagents-learn Assets\\DollAgentConfig.yaml --run-id=doll_multi_run_new_pose_004x12 --force",
        "mlagents_version": "1.1.0",
        "mlagents_envs_version": "1.1.0",
        "communication_protocol_version": "1.5.0",
        "pytorch_version": "2.6.0+cpu",
        "numpy_version": "1.23.5",
        "end_time_seconds": "1746969332"
    },
    "total": 851.5577018000185,
    "count": 1,
    "self": 0.004845599876716733,
    "children": {
        "run_training.setup": {
            "total": 0.07302629994228482,
            "count": 1,
            "self": 0.07302629994228482
        },
        "TrainerController.start_learning": {
            "total": 851.4798299001995,
            "count": 1,
            "self": 1.309719830751419,
            "children": {
                "TrainerController._reset_env": {
                    "total": 14.919922500150278,
                    "count": 1,
                    "self": 14.919922500150278
                },
                "TrainerController.advance": {
                    "total": 835.1526298692916,
                    "count": 66851,
                    "self": 1.0820718395989388,
                    "children": {
                        "env_step": {
                            "total": 726.3475794906262,
                            "count": 66851,
                            "self": 639.1435121791437,
                            "children": {
                                "SubprocessEnvManager._take_step": {
                                    "total": 86.41052169003524,
                                    "count": 66851,
                                    "self": 2.8412159075960517,
                                    "children": {
                                        "TorchPolicy.evaluate": {
                                            "total": 83.56930578243919,
                                            "count": 66851,
                                            "self": 83.56930578243919
                                        }
                                    }
                                },
                                "workers": {
                                    "total": 0.7935456214472651,
                                    "count": 66850,
                                    "self": 0.0,
                                    "children": {
                                        "worker_root": {
                                            "total": 773.373247603653,
                                            "count": 66850,
                                            "is_parallel": true,
                                            "self": 262.1358996166382,
                                            "children": {
                                                "steps_from_proto": {
                                                    "total": 0.0013838999439030886,
                                                    "count": 1,