{
    "name": "root",
    "gauges": {
        "DollAgent.Policy.Entropy.mean": {
            "value": 1.094467282295227,
            "min": 1.094467282295227,
            "max": 1.4189382791519165,
            "count": 111
        },
        "DollAgent.Policy.Entropy.sum": {
            "value": 10944.6728515625,
            "min": 10944.6728515625,
            "max": 14302.8984375,
            "count": 111
        },
        "DollAgent.Environment.EpisodeLength.mean": {
            "value": 20.378205128205128,
            "min": 15.860033726812816,
            "max": 31.907894736842106,
            "count": 111
        },
        "DollAgent.Environment.EpisodeLength.sum": {
            "value": 9537.0,
            "min": 9393.0,
            "max": 9708.0,
            "count": 111
        },
        "DollAgent.Step.mean": {
            "value": 1109988.0,
            "min": 9984.0,
            "max": 1109988.0,
            "count": 111
        },
        "DollAgent.Step.sum": {
            "value": 1109988.0,
            "min": 9984.0,
            "max": 1109988.0,
            "count": 111
        },
        "DollAgent.Policy.ExtrinsicValueEstimate.mean": {
            "value": -11.620783805847168,
            "min": -19.80925178527832,
            "max": 0.10555248707532883,
            "count": 111
        },
        "DollAgent.Policy.ExtrinsicValueEstimate.sum": {
            "value": -5438.52685546875,
            "min": -9498.072265625,
            "max": 60.587127685546875,
            "count": 111
        },
        "DollAgent.Environment.CumulativeReward.mean": {
            "value": -12.758985837300619,
            "min": -25.51754506784506,
            "max": -8.612541090923807,
            "count": 111
        },
        "DollAgent.Environment.CumulativeReward.sum": {
            "value": -5971.205371856689,
            "min": -12939.407558441162,
            "max": -3961.768901824951,
            "count": 111
        },
        "DollAgent.Policy.ExtrinsicReward.mean": {
            "value": -12.758985837300619,
            "min": -25.51754506784506,
            "max": -8.612541090923807,
            "count": 111
        },
        "DollAgent.Policy.ExtrinsicReward.sum": {
            "value": -5971.205371856689,
            "min": -12939.407558441162,
            "max": -3961.768901824951,
            "count": 111
        },
        "DollAgent.IsTraining.mean": {
            "value": 1.0,
            "min": 1.0,
            "max": 1.0,
            "count": 111
        },
        "DollAgent.IsTraining.sum": {
            "value": 1.0,
            "min": 1.0,
            "max": 1.0,
            "count": 111
        },
        "DollAgent.Losses.PolicyLoss.mean": {
            "value": 0.03266319662531411,
            "min": 0.02634709922907253,
            "max": 0.044272336580373425,
            "count": 108
        },
        "DollAgent.Losses.PolicyLoss.sum": {
            "value": 0.03266319662531411,
            "min": 0.02634709922907253,
            "max": 0.044272336580373425,
            "count": 108
        },
        "DollAgent.Losses.ValueLoss.mean": {
            "value": 2.6172611951828,
            "min": 0.2875009665886561,
            "max": 383.7717440287272,
            "count": 108
        },
        "DollAgent.Losses.ValueLoss.sum": {
            "value": 2.6172611951828,
            "min": 0.2875009665886561,
            "max": 383.7717440287272,
            "count": 108
        },
        "DollAgent.Policy.LearningRate.mean": {
            "value": 0.00044462321107535994,
            "min": 0.00044462321107535994,
            "max": 0.0004994875001025001,
            "count": 108
        },
        "DollAgent.Policy.LearningRate.sum": {
            "value": 0.00044462321107535994,
            "min": 0.00044462321107535994,
            "max": 0.0004994875001025001,
            "count": 108
        },
        "DollAgent.Policy.Epsilon.mean": {
            "value": 0.18892464,
            "min": 0.18892464,
            "max": 0.19989750000000006,
            "count": 108
        },
        "DollAgent.Policy.Epsilon.sum": {
            "value": 0.18892464,
            "min": 0.18892464,
            "max": 0.19989750000000006,
            "count": 108
        },
        "DollAgent.Policy.Beta.mean": {
            "value": 0.00044573073599999996,
            "min": 0.00044573073599999996,
            "max": 0.0004994977499999999,
            "count": 108
        },
        "DollAgent.Policy.Beta.sum": {
            "value": 0.00044573073599999996,
            "min": 0.00044573073599999996,
            "max": 0.0004994977499999999,
            "count": 108
        }
    },
    "metadata": {
        "timer_format_version": "0.1.0",
        "start_time_seconds": "1747055229",
        "python_version": "3.10.11 (tags/v3.10.11:7d4cc5a, Apr  5 2023, 00:38:17) [MSC v.1929 64 bit (AMD64)]",
        "command_line_arguments": "C:\\Users\\arron\\AppData\\Local\\Programs\\Python\\Python310\\Scripts\\mlagents-learn Assets\\DollAgentConfig.yaml --run-id=dollx8_new_joint_cntrl_run004 --force",
        "mlagents_version": "1.1.0",
        "mlagents_envs_version": "1.1.0",
        "communication_protocol_version": "1.5.0",
        "pytorch_version": "2.6.0+cpu",
        "numpy_version": "1.23.5",
        "end_time_seconds": "1747057121"
    },
    "total": 1891.9284314999823,
    "count": 1,
    "self": 0.006394100142642856,
    "children": {
        "run_training.setup": {
            "total": 0.07083590002730489,
            "count": 1,
            "self": 0.07083590002730489
        },
        "TrainerController.start_learning": {
            "total": 1891.8512014998123,
            "count": 1,
            "self": 2.8515784996561706,
            "children": {
                "TrainerController._reset_env": {
                    "total": 8.50624300003983,
                    "count": 1,
                    "self": 8.50624300003983
                },
                "TrainerController.advance": {
                    "total": 1880.4057382999454,
                    "count": 139234,
                    "self": 2.4535026617813855,
                    "children": {
                        "env_step": {
                            "total": 1476.4703955047298,
                            "count": 139234,
                            "self": 1283.2250369181857,
                            "children": {
                                "SubprocessEnvManager._take_step": {
                                    "total": 191.53914285614155,
                                    "count": 139234,
                                    "self": 6.414181498344988,
                                    "children": {
                                        "TorchPolicy.evaluate": {
                                            "total": 185.12496135779656,
                                            "count": 139234,
                                            "self": 185.12496135779656
                                        }
                                    }
                                },
                                "workers": {
                                    "total": 1.7062157304026186,
                                    "count": 139233,
                                    "self": 0.0,
                                    "children": {
                                        "worker_root": {
                                            "total": 1876.1093464680016,
                                            "count": 139233,
                                            "is_parallel": true,
                                            "self": 759.0294544824865,
                                            "children": {
                                                "steps_from_proto": {
                                                    "total": 0.000919500133022666,
                                                    "count": 1,