{
    "name": "root",
    "gauges": {
        "DollAgent.Policy.Entropy.mean": {
            "value": 1.4183968305587769,
            "min": 1.4183968305587769,
            "max": 1.418938398361206,
            "count": 2
        },
        "DollAgent.Policy.Entropy.sum": {
            "value": 14365.5234375,
            "min": 14336.953125,
            "max": 14365.5234375,
            "count": 2
        },
        "DollAgent.Environment.EpisodeLength.mean": {
            "value": 21.138461538461538,
            "min": 20.069915254237287,
            "max": 21.138461538461538,
            "count": 2
        },
        "DollAgent.Environment.EpisodeLength.sum": {
            "value": 9618.0,
            "min": 9473.0,
            "max": 9618.0,
            "count": 2
        },
        "DollAgent.Step.mean": {
            "value": 19999.0,
            "min": 9945.0,
            "max": 19999.0,
            "count": 2
        },
        "DollAgent.Step.sum": {
            "value": 19999.0,
            "min": 9945.0,
            "max": 19999.0,
            "count": 2
        },
        "DollAgent.Policy.ExtrinsicValueEstimate.mean": {
            "value": 8.82863998413086,
            "min": 0.06459421664476395,
            "max": 8.82863998413086,
            "count": 2
        },
        "DollAgent.Policy.ExtrinsicValueEstimate.sum": {
            "value": 4184.775390625,
            "min": 31.974138259887695,
            "max": 4184.775390625,
            "count": 2
        },
        "DollAgent.Environment.CumulativeReward.mean": {
            "value": 77.78416873143765,
            "min": 74.4901115304901,
            "max": 77.78416873143765,
            "count": 2
        },
        "DollAgent.Environment.CumulativeReward.sum": {
            "value": 35314.01260407269,
            "min": 35159.332642391324,
            "max": 35314.01260407269,
            "count": 2
        },
        "DollAgent.Policy.ExtrinsicReward.mean": {
            "value": 77.78416873143765,
            "min": 74.4901115304901,
            "max": 77.78416873143765,
            "count": 2
        },
        "DollAgent.Policy.ExtrinsicReward.sum": {
            "value": 35314.01260407269,
            "min": 35159.332642391324,
            "max": 35314.01260407269,
            "count": 2
        },
        "DollAgent.IsTraining.mean": {
            "value": 1.0,
            "min": 1.0,
            "max": 1.0,
            "count": 2
        },
        "DollAgent.IsTraining.sum": {
            "value": 1.0,
            "min": 1.0,
            "max": 1.0,
            "count": 2
        },
        "DollAgent.Losses.PolicyLoss.mean": {
            "value": 0.019707993387237367,
            "min": 0.019707993387237367,
            "max": 0.019707993387237367,
            "count": 1
        },
        "DollAgent.Losses.PolicyLoss.sum": {
            "value": 0.019707993387237367,
            "min": 0.019707993387237367,
            "max": 0.019707993387237367,
            "count": 1
        },
        "DollAgent.Losses.ValueLoss.mean": {
            "value": 2885.020515950521,
            "min": 2885.020515950521,
            "max": 2885.020515950521,
            "count": 1
        },
        "DollAgent.Losses.ValueLoss.sum": {
            "value": 2885.020515950521,
            "min": 2885.020515950521,
            "max": 2885.020515950521,
            "count": 1
        },
        "DollAgent.Policy.LearningRate.mean": {
            "value": 0.00029969256010248,
            "min": 0.00029969256010248,
            "max": 0.00029969256010248,
            "count": 1
        },
        "DollAgent.Policy.LearningRate.sum": {
            "value": 0.00029969256010248,
            "min": 0.00029969256010248,
            "max": 0.00029969256010248,
            "count": 1
        },
        "DollAgent.Policy.Epsilon.mean": {
            "value": 0.19989752000000008,
            "min": 0.19989752000000008,
            "max": 0.19989752000000008,
            "count": 1
        },
        "DollAgent.Policy.Epsilon.sum": {
            "value": 0.19989752000000008,
            "min": 0.19989752000000008,
            "max": 0.19989752000000008,
            "count": 1
        },
        "DollAgent.Policy.Beta.mean": {
            "value": 0.000499497848,
            "min": 0.000499497848,
            "max": 0.000499497848,
            "count": 1
        },
        "DollAgent.Policy.Beta.sum": {
            "value": 0.000499497848,
            "min": 0.000499497848,
            "max": 0.000499497848,
            "count": 1
        }
    },
    "metadata": {
        "timer_format_version": "0.1.0",
        "start_time_seconds": "1746884228",
        "python_version": "3.10.11 (tags/v3.10.11:7d4cc5a, Apr  5 2023, 00:38:17) [MSC v.1929 64 bit (AMD64)]",
        "command_line_arguments": "C:\\Users\\arron\\AppData\\Local\\Programs\\Python\\Python310\\Scripts\\mlagents-learn Assets\\DollAgentConfig.yaml --run-id=doll_multi_run_001x12 --force",
        "mlagents_version": "1.1.0",
        "mlagents_envs_version": "1.1.0",
        "communication_protocol_version": "1.5.0",
        "pytorch_version": "2.6.0+cpu",
        "numpy_version": "1.23.5",
        "end_time_seconds": "1746884292"
    },
    "total": 63.71815839991905,
    "count": 1,
    "self": 0.005272299982607365,
    "children": {
        "run_training.setup": {
            "total": 0.08941829996183515,
            "count": 1,
            "self": 0.08941829996183515
        },
        "TrainerController.start_learning": {
            "total": 63.623467799974605,
            "count": 1,
            "self": 0.06438960274681449,
            "children": {
                "TrainerController._reset_env": {
                    "total": 12.894409999949858,
                    "count": 1,
                    "self": 12.894409999949858
                },
                "TrainerController.advance": {
                    "total": 50.54345099721104,
                    "count": 3159,
                    "self": 0.056317594135180116,
                    "children": {
                        "env_step": {
                            "total": 43.03755771066062,
                            "count": 3159,
                            "self": 39.568110099295154,
                            "children": {
                                "SubprocessEnvManager._take_step": {
                                    "total": 3.42990791099146,
                                    "count": 3159,
                                    "self": 0.12687430344522,
                                    "children": {
                                        "TorchPolicy.evaluate": {
                                            "total": 3.30303360754624,
                                            "count": 2384,
                                            "self": 3.30303360754624
                                        }
                                    }
                                },
                                "workers": {
                                    "total": 0.039539700374007225,
                                    "count": 3158,
                                    "self": 0.0,
                                    "children": {
                                        "worker_root": {
                                            "total": 47.91204640036449,
                                            "count": 3158,
                                            "is_parallel": true,
                                            "self": 15.898191200336441,
                                            "children": {
                                                "steps_from_proto": {
                                                    "total": 0.0008789000567048788,
                                                    "count": 1,
                                                    "is_parallel": true,