{
    "name": "root",
    "gauges": {
        "DollAgent.Policy.Entropy.mean": {
            "value": 1.3819433450698853,
            "min": 1.3819433450698853,
            "max": 1.4250754117965698,
            "count": 40
        },
        "DollAgent.Policy.Entropy.sum": {
            "value": 13974.2109375,
            "min": 13697.822265625,
            "max": 14416.4130859375,
            "count": 40
        },
        "DollAgent.Environment.EpisodeLength.mean": {
            "value": 58.541666666666664,
            "min": 29.401215805471125,
            "max": 58.541666666666664,
            "count": 40
        },
        "DollAgent.Environment.EpisodeLength.sum": {
            "value": 9835.0,
            "min": 9619.0,
            "max": 9917.0,
            "count": 40
        },
        "DollAgent.Step.mean": {
            "value": 399971.0,
            "min": 9947.0,
            "max": 399971.0,
            "count": 40
        },
        "DollAgent.Step.sum": {
            "value": 399971.0,
            "min": 9947.0,
            "max": 399971.0,
            "count": 40
        },
        "DollAgent.Policy.ExtrinsicValueEstimate.mean": {
            "value": 15.550101280212402,
            "min": 0.22311551868915558,
            "max": 16.323923110961914,
            "count": 40
        },
        "DollAgent.Policy.ExtrinsicValueEstimate.sum": {
            "value": 3498.772705078125,
            "min": 72.73565673828125,
            "max": 3640.23486328125,
            "count": 40
        },
        "DollAgent.Environment.CumulativeReward.mean": {
            "value": 58.76368165016174,
            "min": 22.48281755273465,
            "max": 58.76368165016174,
            "count": 40
        },
        "DollAgent.Environment.CumulativeReward.sum": {
            "value": 9872.298517227173,
            "min": 7396.846974849701,
            "max": 9872.298517227173,
            "count": 40
        },
        "DollAgent.Policy.ExtrinsicReward.mean": {
            "value": 58.76368165016174,
            "min": 22.48281755273465,
            "max": 58.76368165016174,
            "count": 40
        },
        "DollAgent.Policy.ExtrinsicReward.sum": {
            "value": 9872.298517227173,
            "min": 7396.846974849701,
            "max": 9872.298517227173,
            "count": 40
        },
        "DollAgent.IsTraining.mean": {
            "value": 1.0,
            "min": 1.0,
            "max": 1.0,
            "count": 40
        },
        "DollAgent.IsTraining.sum": {
            "value": 1.0,
            "min": 1.0,
            "max": 1.0,
            "count": 40
        },
        "DollAgent.Losses.PolicyLoss.mean": {
            "value": 0.024656327136035543,
            "min": 0.02377788978479657,
            "max": 0.028007994491927094,
            "count": 9
        },
        "DollAgent.Losses.PolicyLoss.sum": {
            "value": 0.024656327136035543,
            "min": 0.02377788978479657,
            "max": 0.028007994491927094,
            "count": 9
        },
        "DollAgent.Losses.ValueLoss.mean": {
            "value": 9.951177835464478,
            "min": 9.951177835464478,
            "max": 21.828589220046997,
            "count": 9
        },
        "DollAgent.Losses.ValueLoss.sum": {
            "value": 9.951177835464478,
            "min": 9.951177835464478,
            "max": 21.828589220046997,
            "count": 9
        },
        "DollAgent.Policy.LearningRate.mean": {
            "value": 0.0003,
            "min": 0.0003,
            "max": 0.0003,
            "count": 9
        },
        "DollAgent.Policy.LearningRate.sum": {
            "value": 0.0003,
            "min": 0.0003,
            "max": 0.0003,
            "count": 9
        },
        "DollAgent.Policy.Epsilon.mean": {
            "value": 0.2,
            "min": 0.2,
            "max": 0.2,
            "count": 9
        },
        "DollAgent.Policy.Epsilon.sum": {
            "value": 0.2,
            "min": 0.2,
            "max": 0.2,
            "count": 9
        },
        "DollAgent.Policy.Beta.mean": {
            "value": 0.004999999999999999,
            "min": 0.004999999999999999,
            "max": 0.004999999999999999,
            "count": 9
        },
        "DollAgent.Policy.Beta.sum": {
            "value": 0.004999999999999999,
            "min": 0.004999999999999999,
            "max": 0.004999999999999999,
            "count": 9
        }
    },
    "metadata": {
        "timer_format_version": "0.1.0",
        "start_time_seconds": "1747321347",
        "python_version": "3.10.11 (tags/v3.10.11:7d4cc5a, Apr  5 2023, 00:38:17) [MSC v.1929 64 bit (AMD64)]",
        "command_line_arguments": "C:\\Users\\arron\\AppData\\Local\\Programs\\Python\\Python310\\Scripts\\mlagents-learn Assets\\DollAgentConfig.yaml --run-id=dollx8_tuned_yaml_001 --force",
        "mlagents_version": "1.1.0",
        "mlagents_envs_version": "1.1.0",
        "communication_protocol_version": "1.5.0",
        "pytorch_version": "2.6.0+cpu",
        "numpy_version": "1.23.5",
        "end_time_seconds": "1747322338"
    },
    "total": 990.4240615000017,
    "count": 1,
    "self": 0.006242200004635379,
    "children": {
        "run_training.setup": {
            "total": 0.07879119999415707,
            "count": 1,
            "self": 0.07879119999415707
        },
        "TrainerController.start_learning": {
            "total": 990.3390281000029,
            "count": 1,
            "self": 1.0942060011730064,
            "children": {
                "TrainerController._reset_env": {
                    "total": 11.142129899992142,
                    "count": 1,
                    "self": 11.142129899992142
                },
                "TrainerController.advance": {
                    "total": 977.8993459988415,
                    "count": 50767,
                    "self": 0.9655243000888731,
                    "children": {
                        "env_step": {
                            "total": 575.6204667985439,
                            "count": 50767,
                            "self": 464.05272619688185,
                            "children": {
                                "SubprocessEnvManager._take_step": {
                                    "total": 110.90888899982383,
                                    "count": 50767,
                                    "self": 2.757564301689854,
                                    "children": {
                                        "TorchPolicy.evaluate": {
                                            "total": 108.15132469813398,
                                            "count": 50767,
                                            "self": 108.15132469813398
                                        }
                                    }
                                },
                                "workers": {
                                    "total": 0.6588516018382506,
                                    "count": 50766,
                                    "self": 0.0,
                                    "children": {
                                        "worker_root": {
                                            "total": 974.1619949997257,
                                            "count": 50766,
                                            "is_parallel": true,
                                            "self": 578.3533545027021,
                                            "children": {
                                                "steps_from_proto": {
                                                    "total": 0.0013225000002421439,
                                                    "count": 1,
                                                    "is_parallel": true,
                                                    "self": 0.00019829999655485153,