{
    "name": "root",
    "gauges": {
        "DollAgent.Policy.Entropy.mean": {
            "value": 0.9699523448944092,
            "min": 0.9699523448944092,
            "max": 1.4220155477523804,
            "count": 520
        },
        "DollAgent.Policy.Entropy.sum": {
            "value": 9489.0439453125,
            "min": 7117.62109375,
            "max": 15851.900390625,
            "count": 520
        },
        "DollAgent.Environment.EpisodeLength.mean": {
            "value": 1057.875,
            "min": 37.5,
            "max": 2152.25,
            "count": 520
        },
        "DollAgent.Environment.EpisodeLength.sum": {
            "value": 8463.0,
            "min": 3453.0,
            "max": 16780.0,
            "count": 520
        },
        "DollAgent.Step.mean": {
            "value": 5199497.0,
            "min": 9970.0,
            "max": 5199497.0,
            "count": 520
        },
        "DollAgent.Step.sum": {
            "value": 5199497.0,
            "min": 9970.0,
            "max": 5199497.0,
            "count": 520
        },
        "DollAgent.Policy.ExtrinsicValueEstimate.mean": {
            "value": 453.7241516113281,
            "min": -0.3490850329399109,
            "max": 530.028076171875,
            "count": 520
        },
        "DollAgent.Policy.ExtrinsicValueEstimate.sum": {
            "value": 6352.13818359375,
            "min": -90.41302490234375,
            "max": 14637.560546875,
            "count": 520
        },
        "DollAgent.Policy.CuriosityValueEstimate.mean": {
            "value": 63.398136138916016,
            "min": -0.20463581383228302,
            "max": 93.46086883544922,
            "count": 520
        },
        "DollAgent.Policy.CuriosityValueEstimate.sum": {
            "value": 887.5739135742188,
            "min": -10.724666595458984,
            "max": 1495.3739013671875,
            "count": 520
        },
        "DollAgent.Environment.CumulativeReward.mean": {
            "value": 5648.124755859375,
            "min": 136.899855889869,
            "max": 12903.78935546875,
            "count": 520
        },
        "DollAgent.Environment.CumulativeReward.sum": {
            "value": 50833.122802734375,
            "min": 18657.656494140625,
            "max": 93208.51477050781,
            "count": 520
        },
        "DollAgent.Policy.ExtrinsicReward.mean": {
            "value": 5648.124755859375,
            "min": 136.899855889869,
            "max": 12903.78935546875,
            "count": 520
        },
        "DollAgent.Policy.ExtrinsicReward.sum": {
            "value": 50833.122802734375,
            "min": 18657.656494140625,
            "max": 93208.51477050781,
            "count": 520
        },
        "DollAgent.Policy.CuriosityReward.mean": {
            "value": 12.963115003373888,
            "min": 0.0,
            "max": 29.279895544052124,
            "count": 520
        },
        "DollAgent.Policy.CuriosityReward.sum": {
            "value": 116.66803503036499,
            "min": 0.0,
            "max": 2522.3813433647156,
            "count": 520
        },
        "DollAgent.IsTraining.mean": {
            "value": 1.0,
            "min": 1.0,
            "max": 1.0,
            "count": 520
        },
        "DollAgent.IsTraining.sum": {
            "value": 1.0,
            "min": 1.0,
            "max": 1.0,
            "count": 520
        },
        "DollAgent.Losses.PolicyLoss.mean": {
            "value": 0.019812419577501714,
            "min": 0.013914796967292205,
            "max": 0.024828052615048363,
            "count": 250
        },
        "DollAgent.Losses.PolicyLoss.sum": {
            "value": 0.019812419577501714,
            "min": 0.013914796967292205,
            "max": 0.024828052615048363,
            "count": 250
        },
        "DollAgent.Losses.ValueLoss.mean": {
            "value": 854.2629370117188,
            "min": 35.1783837890625,
            "max": 919.9064477539063,
            "count": 250
        },
        "DollAgent.Losses.ValueLoss.sum": {
            "value": 854.2629370117188,
            "min": 35.1783837890625,
            "max": 919.9064477539063,
            "count": 250
        },
        "DollAgent.Policy.LearningRate.mean": {
            "value": 9.351247398753251e-05,
            "min": 9.351247398753251e-05,
            "max": 9.997437377562624e-05,
            "count": 250
        },
        "DollAgent.Policy.LearningRate.sum": {
            "value": 9.351247398753251e-05,
            "min": 9.351247398753251e-05,
            "max": 9.997437377562624e-05,
            "count": 250
        },
        "DollAgent.Policy.Epsilon.mean": {
            "value": 0.14675623375,
            "min": 0.14675623375,
            "max": 0.149987186875,
            "count": 250
        },
        "DollAgent.Policy.Epsilon.sum": {
            "value": 0.14675623375,
            "min": 0.14675623375,
            "max": 0.149987186875,
            "count": 250
        },
        "DollAgent.Policy.Beta.mean": {
            "value": 0.0009357734282499999,
            "min": 0.0009357734282499999,
            "max": 0.000999746300125,
            "count": 250
        },
        "DollAgent.Policy.Beta.sum": {
            "value": 0.0009357734282499999,
            "min": 0.0009357734282499999,
            "max": 0.000999746300125,
            "count": 250
        },
        "DollAgent.Losses.CuriosityForwardLoss.mean": {
            "value": 0.20606395363807678,
            "min": 0.2031717538833618,
            "max": 26.931588621139525,
            "count": 250
        },
        "DollAgent.Losses.CuriosityForwardLoss.sum": {
            "value": 0.20606395363807678,
            "min": 0.2031717538833618,
            "max": 26.931588621139525,
            "count": 250
        },
        "DollAgent.Losses.CuriosityInverseLoss.mean": {
            "value": 5.952121515274047,
            "min": 5.696740713119507,
            "max": 62.57201614379883,
            "count": 250
        },
        "DollAgent.Losses.CuriosityInverseLoss.sum": {
            "value": 5.952121515274047,
            "min": 5.696740713119507,
            "max": 62.57201614379883,
            "count": 250
        }
    },
    "metadata": {
        "timer_format_version": "0.1.0",
        "start_time_seconds": "1749697161",
        "python_version": "3.10.11 (tags/v3.10.11:7d4cc5a, Apr  5 2023, 00:38:17) [MSC v.1929 64 bit (AMD64)]",
        "command_line_arguments": "C:\\Users\\arron\\AppData\\Local\\Programs\\Python\\Python310\\Scripts\\mlagents-learn Assets\\DollAgentConfig.yaml --run-id=dollx8_artic_001 --num-areas=9 --time-scale=5 --force",
        "mlagents_version": "1.1.0",
        "mlagents_envs_version": "1.1.0",
        "communication_protocol_version": "1.5.0",
        "pytorch_version": "2.6.0+cpu",
        "numpy_version": "1.23.5",
        "end_time_seconds": "1749726817"
    },
    "total": 29656.295712699997,
    "count": 1,
    "self": 0.00919040001463145,
    "children": {
        "run_training.setup": {
            "total": 0.07762689993251115,
            "count": 1,
            "self": 0.07762689993251115
        },
        "TrainerController.start_learning": {
            "total": 29656.20889540005,
            "count": 1,
            "self": 14.502533401944675,
            "children": {
                "TrainerController._reset_env": {
                    "total": 8.59428509999998,
                    "count": 1,
                    "self": 8.59428509999998
                },
                "TrainerController.advance": {
                    "total": 29632.956943298108,
                    "count": 589564,
                    "self": 14.574413622845896,
                    "children": {
                        "env_step": {
                            "total": 18311.374975647777,
                            "count": 589564,
                            "self": 17191.481668440276,