{
    "name": "root",
    "metadata": {
        "timer_format_version": "0.1.0",
        "start_time_seconds": "1746667650",
        "python_version": "3.10.11 (tags/v3.10.11:7d4cc5a, Apr  5 2023, 00:38:17) [MSC v.1929 64 bit (AMD64)]",
        "command_line_arguments": "C:\\Users\\arron\\AppData\\Local\\Programs\\Python\\Python310\\Scripts\\mlagents-learn Assets\\DollAgentConfig.yaml --run-id=doll_run_001 --force",
        "mlagents_version": "1.1.0",
        "mlagents_envs_version": "1.1.0",
        "communication_protocol_version": "1.5.0",
        "pytorch_version": "2.6.0+cpu",
        "numpy_version": "1.23.5",
        "end_time_seconds": "1746667672"
    },
    "total": 21.621967099956237,
    "count": 1,
    "self": 0.006553900078870356,
    "children": {
        "run_training.setup": {
            "total": 0.07212589995469898,
            "count": 1,
            "self": 0.07212589995469898
        },
        "TrainerController.start_learning": {
            "total": 21.543287299922667,
            "count": 1,
            "self": 0.018935900880023837,
            "children": {
                "TrainerController._reset_env": {
                    "total": 14.13024279999081,
                    "count": 1,
                    "self": 14.13024279999081
                },
                "TrainerController.advance": {
                    "total": 7.279300199006684,
                    "count": 1051,
                    "self": 0.016489204368554056,
                    "children": {
                        "env_step": {
                            "total": 7.03394189721439,
                            "count": 1051,
                            "self": 5.781332895276137,
                            "children": {
                                "SubprocessEnvManager._take_step": {
                                    "total": 1.241036800434813,
                                    "count": 1051,
                                    "self": 0.0425138013670221,
                                    "children": {
                                        "TorchPolicy.evaluate": {
                                            "total": 1.1985229990677908,
                                            "count": 1006,
                                            "self": 1.1985229990677908
                                        }
                                    }
                                },
                                "workers": {
                                    "total": 0.011572201503440738,
                                    "count": 1051,
                                    "self": 0.0,
                                    "children": {
                                        "worker_root": {
                                            "total": 8.537582597928122,
                                            "count": 1051,
                                            "is_parallel": true,
                                            "self": 3.61411489918828,
                                            "children": {
                                                "steps_from_proto": {
                                                    "total": 0.000341600039973855,
                                                    "count": 1,
                                                    "is_parallel": true,
                                                    "self": 0.00018149998504668474,
                                                    "children": {
                                                        "_process_rank_one_or_two_observation": {
                                                            "total": 0.00016010005492717028,
                                                            "count": 2,
                                                            "is_parallel": true,
                                                            "self": 0.00016010005492717028
                                                        }
                                                    }
                                                },
                                                "UnityEnvironment.step": {
                                                    "total": 4.923126098699868,
                                                    "count": 1051,
                                                    "is_parallel": true,
                                                    "self": 0.07379419857170433,
                                                    "children": {
                                                        "UnityEnvironment._generate_step_input": {
                                                            "total": 0.09827879816293716,
                                                            "count": 1051,
                                                            "is_parallel": true,
                                                            "self": 0.09827879816293716
                                                        },
                                                        "communicator.exchange": {
                                                            "total": 4.517537601641379,
                                                            "count": 1051,
                                                            "is_parallel": true,
                                                            "self": 4.517537601641379
                                                        },
                                                        "steps_from_proto": {
                                                            "total": 0.23351550032384694,
                                                            "count": 1051,
                                                            "is_parallel": true,
                                                            "self": 0.13252490165177733,
                                                            "children": {
                                                                "_process_rank_one_or_two_observation": {
                                                                    "total": 0.10099059867206961,
                                                                    "count": 2102,
                                                                    "is_parallel": true,
                                                                    "self": 0.10099059867206961
                                                                }
                                                            }
                                                        }
                                                    }
                                                }
                                            }
                                        }
                                    }
                                }
                            }
                        },
                        "trainer_advance": {
                            "total": 0.22886909742373973,
                            "count": 1051,
                            "self": 0.022637797752395272,
                            "children": {
                                "process_trajectory": {
                                    "total": 0.20623129967134446,
                                    "count": 1051,
                                    "self": 0.20623129967134446
                                }
                            }
                        }
                    }
                },
                "trainer_threads": {
                    "total": 9.00006853044033e-07,
                    "count": 1,
                    "self": 9.00006853044033e-07
                },
                "TrainerController._save_models": {
                    "total": 0.11480750003829598,
                    "count": 1,
                    "self": 0.02198840002529323,