{
    "name": "root",
    "gauges": {
        "DollAgent.Policy.Entropy.mean": {
            "value": 1.3985611200332642,
            "min": 1.3985611200332642,
            "max": 1.425731897354126,
            "count": 74
        },
        "DollAgent.Policy.Entropy.sum": {
            "value": 14075.119140625,
            "min": 13781.400390625,
            "max": 14563.982421875,
            "count": 74
        },
        "DollAgent.Environment.EpisodeLength.mean": {
            "value": 76.17054263565892,
            "min": 55.45505617977528,
            "max": 77.46875,
            "count": 74
        },
        "DollAgent.Environment.EpisodeLength.sum": {
            "value": 9826.0,
            "min": 9719.0,
            "max": 9935.0,
            "count": 74
        },
        "DollAgent.Step.mean": {
            "value": 739950.0,
            "min": 9970.0,
            "max": 739950.0,
            "count": 74
        },
        "DollAgent.Step.sum": {
            "value": 739950.0,
            "min": 9970.0,
            "max": 739950.0,
            "count": 74
        },
        "DollAgent.Policy.ExtrinsicValueEstimate.mean": {
            "value": 38.04366683959961,
            "min": 0.10108375549316406,
            "max": 38.697425842285156,
            "count": 74
        },
        "DollAgent.Policy.ExtrinsicValueEstimate.sum": {
            "value": 4907.6328125,
            "min": 17.588573455810547,
            "max": 5171.123046875,
            "count": 74
        },
        "DollAgent.Policy.CuriosityValueEstimate.mean": {
            "value": 24.36500358581543,
            "min": -0.16121509671211243,
            "max": 25.127260208129883,
            "count": 74
        },
        "DollAgent.Policy.CuriosityValueEstimate.sum": {
            "value": 3143.08544921875,
            "min": -28.2126407623291,
            "max": 3392.18017578125,
            "count": 74
        },
        "DollAgent.Environment.CumulativeReward.mean": {
            "value": 91.28406628157741,
            "min": 35.715919957996086,
            "max": 94.55486074090004,
            "count": 74
        },
        "DollAgent.Environment.CumulativeReward.sum": {
            "value": 11775.644550323486,
            "min": 6321.717832565308,
            "max": 12103.022174835205,
            "count": 74
        },
        "DollAgent.Policy.ExtrinsicReward.mean": {
            "value": 91.28406628157741,
            "min": 35.715919957996086,
            "max": 94.55486074090004,
            "count": 74
        },
        "DollAgent.Policy.ExtrinsicReward.sum": {
            "value": 11775.644550323486,
            "min": 6321.717832565308,
            "max": 12103.022174835205,
            "count": 74
        },
        "DollAgent.Policy.CuriosityReward.mean": {
            "value": 3.691458267758983,
            "min": 0.0,
            "max": 53.73141723632813,
            "count": 74
        },
        "DollAgent.Policy.CuriosityReward.sum": {
            "value": 476.1981165409088,
            "min": 0.0,
            "max": 9402.998016357422,
            "count": 74
        },
        "DollAgent.IsTraining.mean": {
            "value": 1.0,
            "min": 1.0,
            "max": 1.0,
            "count": 74
        },
        "DollAgent.IsTraining.sum": {
            "value": 1.0,
            "min": 1.0,
            "max": 1.0,
            "count": 74
        },
        "DollAgent.Losses.PolicyLoss.mean": {
            "value": 0.014351365664818634,
            "min": 0.010117746284231543,
            "max": 0.022007421101928534,
            "count": 36
        },
        "DollAgent.Losses.PolicyLoss.sum": {
            "value": 0.014351365664818634,
            "min": 0.010117746284231543,
            "max": 0.022007421101928534,
            "count": 36
        },
        "DollAgent.Losses.ValueLoss.mean": {
            "value": 23.5522891998291,
            "min": 14.029928652445475,
            "max": 29.883008352915446,
            "count": 36
        },
        "DollAgent.Losses.ValueLoss.sum": {
            "value": 23.5522891998291,
            "min": 14.029928652445475,
            "max": 29.883008352915446,
            "count": 36
        },
        "DollAgent.Policy.LearningRate.mean": {
            "value": 0.0002972295084234974,
            "min": 0.0002972295084234974,
            "max": 0.0002999231962756012,
            "count": 36
        },
        "DollAgent.Policy.LearningRate.sum": {
            "value": 0.0002972295084234974,
            "min": 0.0002972295084234974,
            "max": 0.0002999231962756012,
            "count": 36
        },
        "DollAgent.Policy.Epsilon.mean": {
            "value": 0.19907650249999995,
            "min": 0.19907650249999995,
            "max": 0.19997439875000006,
            "count": 36
        },
        "DollAgent.Policy.Epsilon.sum": {
            "value": 0.19907650249999995,
            "min": 0.19907650249999995,
            "max": 0.19997439875000006,
            "count": 36
        },
        "DollAgent.Policy.Beta.mean": {
            "value": 0.004953917474749999,
            "min": 0.004953917474749999,
            "max": 0.004998722497625,
            "count": 36
        },
        "DollAgent.Policy.Beta.sum": {
            "value": 0.004953917474749999,
            "min": 0.004953917474749999,
            "max": 0.004998722497625,
            "count": 36
        },
        "DollAgent.Losses.CuriosityForwardLoss.mean": {
            "value": 0.45328426162401836,
            "min": 0.45328426162401836,
            "max": 57.97903690338135,
            "count": 36
        },
        "DollAgent.Losses.CuriosityForwardLoss.sum": {
            "value": 0.45328426162401836,
            "min": 0.45328426162401836,
            "max": 57.97903690338135,
            "count": 36
        },
        "DollAgent.Losses.CuriosityInverseLoss.mean": {
            "value": 110.7749252319336,
            "min": 101.94531834920248,
            "max": 153.71430002848308,
            "count": 36
        },
        "DollAgent.Losses.CuriosityInverseLoss.sum": {
            "value": 110.7749252319336,
            "min": 101.94531834920248,
            "max": 153.71430002848308,
            "count": 36
        }
    },
    "metadata": {
        "timer_format_version": "0.1.0",
        "start_time_seconds": "1747609964",
        "python_version": "3.10.11 (tags/v3.10.11:7d4cc5a, Apr  5 2023, 00:38:17) [MSC v.1929 64 bit (AMD64)]",
        "command_line_arguments": "C:\\Users\\arron\\AppData\\Local\\Programs\\Python\\Python310\\Scripts\\mlagents-learn Assets\\DollAgentConfig.yaml --run-id=dollx4_new_prefab_002 --force",
        "mlagents_version": "1.1.0",
        "mlagents_envs_version": "1.1.0",
        "communication_protocol_version": "1.5.0",
        "pytorch_version": "2.6.0+cpu",
        "numpy_version": "1.23.5",
        "end_time_seconds": "1747611485"
    },
    "total": 1521.4420387999853,
    "count": 1,
    "self": 0.00522120000096038,
    "children": {
        "run_training.setup": {
            "total": 0.07053949998226017,
            "count": 1,
            "self": 0.07053949998226017
        },
        "TrainerController.start_learning": {
            "total": 1521.366278100002,
            "count": 1,
            "self": 1.876409290038282,
            "children": {
                "TrainerController._reset_env": {
                    "total": 8.425015000015264,
                    "count": 1,
                    "self": 8.425015000015264
                },
                "TrainerController.advance": {
                    "total": 1510.9444537099334,
                    "count": 92948,
                    "self": 1.7401208167430013,
                    "children": {
                        "env_step": {
                            "total": 1123.4102931937086,
                            "count": 92948,
                            "self": 1018.8356746993668,