{
    "name": "root",
    "gauges": {
        "DollAgent.Policy.Entropy.mean": {
            "value": 1.3339475393295288,
            "min": 1.3339475393295288,
            "max": 1.424100637435913,
            "count": 89
        },
        "DollAgent.Policy.Entropy.sum": {
            "value": 13046.0068359375,
            "min": 12486.3447265625,
            "max": 14847.771484375,
            "count": 89
        },
        "DollAgent.Environment.EpisodeLength.mean": {
            "value": 137.68055555555554,
            "min": 94.38095238095238,
            "max": 146.14492753623188,
            "count": 89
        },
        "DollAgent.Environment.EpisodeLength.sum": {
            "value": 9913.0,
            "min": 9737.0,
            "max": 10084.0,
            "count": 89
        },
        "DollAgent.Step.mean": {
            "value": 889958.0,
            "min": 9934.0,
            "max": 889958.0,
            "count": 89
        },
        "DollAgent.Step.sum": {
            "value": 889958.0,
            "min": 9934.0,
            "max": 889958.0,
            "count": 89
        },
        "DollAgent.Policy.ExtrinsicValueEstimate.mean": {
            "value": 90.5727310180664,
            "min": -0.054339345544576645,
            "max": 92.06806182861328,
            "count": 89
        },
        "DollAgent.Policy.ExtrinsicValueEstimate.sum": {
            "value": 6521.23681640625,
            "min": -5.596952438354492,
            "max": 7506.2421875,
            "count": 89
        },
        "DollAgent.Policy.CuriosityValueEstimate.mean": {
            "value": 101.12652587890625,
            "min": -0.11532681435346603,
            "max": 101.26673126220703,
            "count": 89
        },
        "DollAgent.Policy.CuriosityValueEstimate.sum": {
            "value": 7281.10986328125,
            "min": -11.878662109375,
            "max": 8000.07177734375,
            "count": 89
        },
        "DollAgent.Environment.CumulativeReward.mean": {
            "value": 243.76113828023276,
            "min": 172.3811224074591,
            "max": 257.3120167290987,
            "count": 89
        },
        "DollAgent.Environment.CumulativeReward.sum": {
            "value": 17550.801956176758,
            "min": 16854.66635131836,
            "max": 18350.262283325195,
            "count": 89
        },
        "DollAgent.Policy.ExtrinsicReward.mean": {
            "value": 243.76113828023276,
            "min": 172.3811224074591,
            "max": 257.3120167290987,
            "count": 89
        },
        "DollAgent.Policy.ExtrinsicReward.sum": {
            "value": 17550.801956176758,
            "min": 16854.66635131836,
            "max": 18350.262283325195,
            "count": 89
        },
        "DollAgent.Policy.CuriosityReward.mean": {
            "value": 53.447280989752876,
            "min": 0.0,
            "max": 95.73304174514044,
            "count": 89
        },
        "DollAgent.Policy.CuriosityReward.sum": {
            "value": 3848.204231262207,
            "min": 0.0,
            "max": 10051.969383239746,
            "count": 89
        },
        "DollAgent.IsTraining.mean": {
            "value": 1.0,
            "min": 1.0,
            "max": 1.0,
            "count": 89
        },
        "DollAgent.IsTraining.sum": {
            "value": 1.0,
            "min": 1.0,
            "max": 1.0,
            "count": 89
        },
        "DollAgent.Losses.PolicyLoss.mean": {
            "value": 0.020716549813126525,
            "min": 0.010669223754666746,
            "max": 0.024695697310380637,
            "count": 86
        },
        "DollAgent.Losses.PolicyLoss.sum": {
            "value": 0.020716549813126525,
            "min": 0.010669223754666746,
            "max": 0.024695697310380637,
            "count": 86
        },
        "DollAgent.Losses.ValueLoss.mean": {
            "value": 62.20967025756836,
            "min": 58.625341796875,
            "max": 214.10921579996744,
            "count": 86
        },
        "DollAgent.Losses.ValueLoss.sum": {
            "value": 62.20967025756836,
            "min": 58.625341796875,
            "max": 214.10921579996744,
            "count": 86
        },
        "DollAgent.Policy.LearningRate.mean": {
            "value": 0.0002966761398579537,
            "min": 0.0002966761398579537,
            "max": 0.00029996150251283246,
            "count": 86
        },
        "DollAgent.Policy.LearningRate.sum": {
            "value": 0.0002966761398579537,
            "min": 0.0002966761398579537,
            "max": 0.00029996150251283246,
            "count": 86
        },
        "DollAgent.Policy.Epsilon.mean": {
            "value": 0.19889204625000007,
            "min": 0.19889204625000007,
            "max": 0.19998716749999995,
            "count": 86
        },
        "DollAgent.Policy.Epsilon.sum": {
            "value": 0.19889204625000007,
            "min": 0.19889204625000007,
            "max": 0.19998716749999995,
            "count": 86
        },
        "DollAgent.Policy.Beta.mean": {
            "value": 0.004944713107875,
            "min": 0.004944713107875,
            "max": 0.004999359658250001,
            "count": 86
        },
        "DollAgent.Policy.Beta.sum": {
            "value": 0.004944713107875,
            "min": 0.004944713107875,
            "max": 0.004999359658250001,
            "count": 86
        },
        "DollAgent.Losses.CuriosityForwardLoss.mean": {
            "value": 14.0084410349528,
            "min": 14.0084410349528,
            "max": 33471338.1,
            "count": 86
        },
        "DollAgent.Losses.CuriosityForwardLoss.sum": {
            "value": 14.0084410349528,
            "min": 14.0084410349528,
            "max": 33471338.1,
            "count": 86
        },
        "DollAgent.Losses.CuriosityInverseLoss.mean": {
            "value": 109.88223114013672,
            "min": 107.49102935791015,
            "max": 11872317.633333333,
            "count": 86
        },
        "DollAgent.Losses.CuriosityInverseLoss.sum": {
            "value": 109.88223114013672,
            "min": 107.49102935791015,
            "max": 11872317.633333333,
            "count": 86
        }
    },
    "metadata": {
        "timer_format_version": "0.1.0",
        "start_time_seconds": "1749555689",
        "python_version": "3.10.11 (tags/v3.10.11:7d4cc5a, Apr  5 2023, 00:38:17) [MSC v.1929 64 bit (AMD64)]",
        "command_line_arguments": "C:\\Users\\arron\\AppData\\Local\\Programs\\Python\\Python310\\Scripts\\mlagents-learn Assets\\DollAgentConfig.yaml --run-id=dollx8_080625_003 --num-areas=6 --time-scale=8 --force",
        "mlagents_version": "1.1.0",
        "mlagents_envs_version": "1.1.0",
        "communication_protocol_version": "1.5.0",
        "pytorch_version": "2.6.0+cpu",
        "numpy_version": "1.23.5",
        "end_time_seconds": "1749559227"
    },
    "total": 3538.545848799986,
    "count": 1,
    "self": 0.005855000112205744,
    "children": {
        "run_training.setup": {
            "total": 0.07770109991542995,
            "count": 1,
            "self": 0.07770109991542995
        },
        "TrainerController.start_learning": {
            "total": 3538.462292699958,
            "count": 1,
            "self": 3.079124717391096,
            "children": {
                "TrainerController._reset_env": {
                    "total": 10.004100099904463,
                    "count": 1,
                    "self": 10.004100099904463
                },
                "TrainerController.advance": {
                    "total": 3525.2209776826203,
                    "count": 149353,
                    "self": 2.818838856299408,
                    "children": {
                        "env_step": {
                            "total": 2473.032913697767,
                            "count": 149353,
                            "self": 2238.4322587924544,