{
    "name": "root",
    "gauges": {
        "DollAgent.Policy.Entropy.mean": {
            "value": 1.415710687637329,
            "min": 1.415274977684021,
            "max": 1.4189382791519165,
            "count": 8
        },
        "DollAgent.Policy.Entropy.sum": {
            "value": 14157.107421875,
            "min": 14092.951171875,
            "max": 14266.005859375,
            "count": 8
        },
        "DollAgent.Step.mean": {
            "value": 79995.0,
            "min": 9993.0,
            "max": 79995.0,
            "count": 8
        },
        "DollAgent.Step.sum": {
            "value": 79995.0,
            "min": 9993.0,
            "max": 79995.0,
            "count": 8
        },
        "DollAgent.Policy.ExtrinsicValueEstimate.mean": {
            "value": 207.08717346191406,
            "min": -0.3837233781814575,
            "max": 394.4703063964844,
            "count": 8
        },
        "DollAgent.Policy.ExtrinsicValueEstimate.sum": {
            "value": 223032.890625,
            "min": -63.31435775756836,
            "max": 351078.5625,
            "count": 8
        },
        "DollAgent.Environment.EpisodeLength.mean": {
            "value": 8.285051067780874,
            "min": 8.285051067780874,
            "max": 61.06172839506173,
            "count": 8
        },
        "DollAgent.Environment.EpisodeLength.sum": {
            "value": 8923.0,
            "min": 8923.0,
            "max": 9892.0,
            "count": 8
        },
        "DollAgent.Environment.CumulativeReward.mean": {
            "value": 192.15821715826885,
            "min": 192.15821715826885,
            "max": 912.3927552758194,
            "count": 8
        },
        "DollAgent.Environment.CumulativeReward.sum": {
            "value": 206954.39987945557,
            "min": 132983.6993560791,
            "max": 206954.39987945557,
            "count": 8
        },
        "DollAgent.Policy.ExtrinsicReward.mean": {
            "value": 192.15821715826885,
            "min": 192.15821715826885,
            "max": 912.3927552758194,
            "count": 8
        },
        "DollAgent.Policy.ExtrinsicReward.sum": {
            "value": 206954.39987945557,
            "min": 132983.6993560791,
            "max": 206954.39987945557,
            "count": 8
        },
        "DollAgent.IsTraining.mean": {
            "value": 1.0,
            "min": 1.0,
            "max": 1.0,
            "count": 8
        },
        "DollAgent.IsTraining.sum": {
            "value": 1.0,
            "min": 1.0,
            "max": 1.0,
            "count": 8
        },
        "DollAgent.Losses.PolicyLoss.mean": {
            "value": 0.024085949858029684,
            "min": 0.01749727225008731,
            "max": 0.030705501831835135,
            "count": 7
        },
        "DollAgent.Losses.PolicyLoss.sum": {
            "value": 0.024085949858029684,
            "min": 0.01749727225008731,
            "max": 0.030705501831835135,
            "count": 7
        },
        "DollAgent.Losses.ValueLoss.mean": {
            "value": 28152.737662760417,
            "min": 12532.5841796875,
            "max": 28152.737662760417,
            "count": 7
        },
        "DollAgent.Losses.ValueLoss.sum": {
            "value": 28152.737662760417,
            "min": 12532.5841796875,
            "max": 28152.737662760417,
            "count": 7
        },
        "DollAgent.Policy.LearningRate.mean": {
            "value": 0.0002784633071789,
            "min": 0.0002784633071789,
            "max": 0.00029691060102979993,
            "count": 7
        },
        "DollAgent.Policy.LearningRate.sum": {
            "value": 0.0002784633071789,
            "min": 0.0002784633071789,
            "max": 0.00029691060102979993,
            "count": 7
        },
        "DollAgent.Policy.Epsilon.mean": {
            "value": 0.1928211,
            "min": 0.1928211,
            "max": 0.19897019999999996,
            "count": 7
        },
        "DollAgent.Policy.Epsilon.sum": {
            "value": 0.1928211,
            "min": 0.1928211,
            "max": 0.19897019999999996,
            "count": 7
        },
        "DollAgent.Policy.Beta.mean": {
            "value": 0.0004648233900000001,
            "min": 0.0004648233900000001,
            "max": 0.0004949539800000001,
            "count": 7
        },
        "DollAgent.Policy.Beta.sum": {
            "value": 0.0004648233900000001,
            "min": 0.0004648233900000001,
            "max": 0.0004949539800000001,
            "count": 7
        }
    },
    "metadata": {
        "timer_format_version": "0.1.0",
        "start_time_seconds": "1746803259",
        "python_version": "3.10.11 (tags/v3.10.11:7d4cc5a, Apr  5 2023, 00:38:17) [MSC v.1929 64 bit (AMD64)]",
        "command_line_arguments": "C:\\Users\\arron\\AppData\\Local\\Programs\\Python\\Python310\\Scripts\\mlagents-learn Assets\\DollAgentConfig.yaml --run-id=doll_run_004 --force",
        "mlagents_version": "1.1.0",
        "mlagents_envs_version": "1.1.0",
        "communication_protocol_version": "1.5.0",
        "pytorch_version": "2.6.0+cpu",
        "numpy_version": "1.23.5",
        "end_time_seconds": "1746803887"
    },
    "total": 628.146667700028,
    "count": 1,
    "self": 0.004877300001680851,
    "children": {
        "run_training.setup": {
            "total": 0.07235130004119128,
            "count": 1,
            "self": 0.07235130004119128
        },
        "TrainerController.start_learning": {
            "total": 628.0694390999852,
            "count": 1,
            "self": 1.559841584181413,
            "children": {
                "TrainerController._reset_env": {
                    "total": 10.60176109999884,
                    "count": 1,
                    "self": 10.60176109999884
                },
                "TrainerController.advance": {
                    "total": 615.7982399158645,
                    "count": 90700,
                    "self": 1.3518153057666495,
                    "children": {
                        "env_step": {
                            "total": 588.2473541899817,
                            "count": 90700,
                            "self": 484.8601076838095,
                            "children": {
                                "SubprocessEnvManager._take_step": {
                                    "total": 102.40748660359532,
                                    "count": 90700,
                                    "self": 3.511085307574831,
                                    "children": {
                                        "TorchPolicy.evaluate": {
                                            "total": 98.89640129602049,
                                            "count": 88619,
                                            "self": 98.89640129602049
                                        }
                                    }
                                },
                                "workers": {
                                    "total": 0.9797599025769159,
                                    "count": 90699,
                                    "self": 0.0,
                                    "children": {
                                        "worker_root": {
                                            "total": 616.2955576111563,
                                            "count": 90699,
                                            "is_parallel": true,
                                            "self": 199.95318642503116,
                                            "children": {
                                                "steps_from_proto": {
                                                    "total": 0.0005511000053957105,
                                                    "count": 1,
                                                    "is_parallel": true,