{
    "name": "root",
    "gauges": {
        "DollAgent.Policy.Entropy.mean": {
            "value": 1.1083652973175049,
            "min": 1.1083652973175049,
            "max": 1.4200379848480225,
            "count": 88
        },
        "DollAgent.Policy.Entropy.sum": {
            "value": 11154.587890625,
            "min": 11108.2509765625,
            "max": 14291.5478515625,
            "count": 88
        },
        "DollAgent.Environment.EpisodeLength.mean": {
            "value": 73.80451127819549,
            "min": 18.093333333333334,
            "max": 79.0,
            "count": 88
        },
        "DollAgent.Environment.EpisodeLength.sum": {
            "value": 9816.0,
            "min": 9488.0,
            "max": 10036.0,
            "count": 88
        },
        "DollAgent.Step.mean": {
            "value": 879999.0,
            "min": 9986.0,
            "max": 879999.0,
            "count": 88
        },
        "DollAgent.Step.sum": {
            "value": 879999.0,
            "min": 9986.0,
            "max": 879999.0,
            "count": 88
        },
        "DollAgent.Policy.ExtrinsicValueEstimate.mean": {
            "value": 23.415563583374023,
            "min": -0.09277278184890747,
            "max": 25.452577590942383,
            "count": 88
        },
        "DollAgent.Policy.ExtrinsicValueEstimate.sum": {
            "value": 5455.826171875,
            "min": -48.520164489746094,
            "max": 5737.18896484375,
            "count": 88
        },
        "DollAgent.Environment.CumulativeReward.mean": {
            "value": 91.10139832460791,
            "min": 14.401234686944498,
            "max": 98.0427121624114,
            "count": 88
        },
        "DollAgent.Environment.CumulativeReward.sum": {
            "value": 12116.485977172852,
            "min": 7531.845741271973,
            "max": 12359.65065908432,
            "count": 88
        },
        "DollAgent.Policy.ExtrinsicReward.mean": {
            "value": 91.10139832460791,
            "min": 14.401234686944498,
            "max": 98.0427121624114,
            "count": 88
        },
        "DollAgent.Policy.ExtrinsicReward.sum": {
            "value": 12116.485977172852,
            "min": 7531.845741271973,
            "max": 12359.65065908432,
            "count": 88
        },
        "DollAgent.IsTraining.mean": {
            "value": 1.0,
            "min": 1.0,
            "max": 1.0,
            "count": 88
        },
        "DollAgent.IsTraining.sum": {
            "value": 1.0,
            "min": 1.0,
            "max": 1.0,
            "count": 88
        },
        "DollAgent.Losses.PolicyLoss.mean": {
            "value": 0.04034415830489403,
            "min": 0.027322705272429932,
            "max": 0.042702658545264664,
            "count": 85
        },
        "DollAgent.Losses.PolicyLoss.sum": {
            "value": 0.04034415830489403,
            "min": 0.027322705272429932,
            "max": 0.042702658545264664,
            "count": 85
        },
        "DollAgent.Losses.ValueLoss.mean": {
            "value": 11.499764029184977,
            "min": 2.4434831202030183,
            "max": 32.79712866147359,
            "count": 85
        },
        "DollAgent.Losses.ValueLoss.sum": {
            "value": 11.499764029184977,
            "min": 2.4434831202030183,
            "max": 32.79712866147359,
            "count": 85
        },
        "DollAgent.Policy.LearningRate.mean": {
            "value": 0.00045635945872811006,
            "min": 0.00045635945872811006,
            "max": 0.0004994871501025699,
            "count": 85
        },
        "DollAgent.Policy.LearningRate.sum": {
            "value": 0.00045635945872811006,
            "min": 0.00045635945872811006,
            "max": 0.0004994871501025699,
            "count": 85
        },
        "DollAgent.Policy.Epsilon.mean": {
            "value": 0.19127188999999997,
            "min": 0.19127188999999997,
            "max": 0.19989743000000001,
            "count": 85
        },
        "DollAgent.Policy.Epsilon.sum": {
            "value": 0.19127188999999997,
            "min": 0.19127188999999997,
            "max": 0.19989743000000001,
            "count": 85
        },
        "DollAgent.Policy.Beta.mean": {
            "value": 0.0004572322610000001,
            "min": 0.0004572322610000001,
            "max": 0.000499497407,
            "count": 85
        },
        "DollAgent.Policy.Beta.sum": {
            "value": 0.0004572322610000001,
            "min": 0.0004572322610000001,
            "max": 0.000499497407,
            "count": 85
        }
    },
    "metadata": {
        "timer_format_version": "0.1.0",
        "start_time_seconds": "1747080719",
        "python_version": "3.10.11 (tags/v3.10.11:7d4cc5a, Apr  5 2023, 00:38:17) [MSC v.1929 64 bit (AMD64)]",
        "command_line_arguments": "C:\\Users\\arron\\AppData\\Local\\Programs\\Python\\Python310\\Scripts\\mlagents-learn Assets\\DollAgentConfig.yaml --run-id=dollx8_world_space_004 --force",
        "mlagents_version": "1.1.0",
        "mlagents_envs_version": "1.1.0",
        "communication_protocol_version": "1.5.0",
        "pytorch_version": "2.6.0+cpu",
        "numpy_version": "1.23.5",
        "end_time_seconds": "1747082061"
    },
    "total": 1342.1497843000107,
    "count": 1,
    "self": 0.006550499936565757,
    "children": {
        "run_training.setup": {
            "total": 0.06962190009653568,
            "count": 1,
            "self": 0.06962190009653568
        },
        "TrainerController.start_learning": {
            "total": 1342.0736118999775,
            "count": 1,
            "self": 2.1627962968777865,
            "children": {
                "TrainerController._reset_env": {
                    "total": 4.811211099848151,
                    "count": 1,
                    "self": 4.811211099848151
                },
                "TrainerController.advance": {
                    "total": 1335.0234925034456,
                    "count": 110384,
                    "self": 1.7985008370596915,
                    "children": {
                        "env_step": {
                            "total": 1051.8405209290795,
                            "count": 110384,
                            "self": 948.6359393161256,
                            "children": {
                                "SubprocessEnvManager._take_step": {
                                    "total": 101.82986493851058,
                                    "count": 110384,
                                    "self": 5.6265955357812345,
                                    "children": {
                                        "TorchPolicy.evaluate": {
                                            "total": 96.20326940272935,
                                            "count": 110384,
                                            "self": 96.20326940272935
                                        }
                                    }
                                },
                                "workers": {
                                    "total": 1.3747166744433343,
                                    "count": 110383,
                                    "self": 0.0,
                                    "children": {
                                        "worker_root": {
                                            "total": 1329.5768504119478,
                                            "count": 110383,
                                            "is_parallel": true,
                                            "self": 508.29259952460416,
                                            "children": {
                                                "steps_from_proto": {
                                                    "total": 0.0008344999514520168,
                                                    "count": 1,