{
    "name": "root",
    "gauges": {
        "DollAgent.Policy.Entropy.mean": {
            "value": 1.402976632118225,
            "min": 1.402976632118225,
            "max": 1.4189382791519165,
            "count": 14
        },
        "DollAgent.Policy.Entropy.sum": {
            "value": 14091.4970703125,
            "min": 13968.7490234375,
            "max": 14405.0615234375,
            "count": 14
        },
        "DollAgent.Environment.EpisodeLength.mean": {
            "value": 13.928783382789318,
            "min": 12.974860335195531,
            "max": 14.677067082683307,
            "count": 14
        },
        "DollAgent.Environment.EpisodeLength.sum": {
            "value": 9388.0,
            "min": 9238.0,
            "max": 9408.0,
            "count": 14
        },
        "DollAgent.Step.mean": {
            "value": 139999.0,
            "min": 9989.0,
            "max": 139999.0,
            "count": 14
        },
        "DollAgent.Step.sum": {
            "value": 139999.0,
            "min": 9989.0,
            "max": 139999.0,
            "count": 14
        },
        "DollAgent.Policy.ExtrinsicValueEstimate.mean": {
            "value": 1829.0179443359375,
            "min": 0.15605208277702332,
            "max": 1829.0179443359375,
            "count": 14
        },
        "DollAgent.Policy.ExtrinsicValueEstimate.sum": {
            "value": 1245561.25,
            "min": 111.73329162597656,
            "max": 1245561.25,
            "count": 14
        },
        "DollAgent.Environment.CumulativeReward.mean": {
            "value": 160.06608545886303,
            "min": 153.20056971836757,
            "max": 167.3062954930917,
            "count": 14
        },
        "DollAgent.Environment.CumulativeReward.sum": {
            "value": 107884.54159927368,
            "min": 106645.05003356934,
            "max": 109538.40734863281,
            "count": 14
        },
        "DollAgent.Policy.ExtrinsicReward.mean": {
            "value": 160.06608545886303,
            "min": 153.20056971836757,
            "max": 167.3062954930917,
            "count": 14
        },
        "DollAgent.Policy.ExtrinsicReward.sum": {
            "value": 107884.54159927368,
            "min": 106645.05003356934,
            "max": 109538.40734863281,
            "count": 14
        },
        "DollAgent.IsTraining.mean": {
            "value": 1.0,
            "min": 1.0,
            "max": 1.0,
            "count": 14
        },
        "DollAgent.IsTraining.sum": {
            "value": 1.0,
            "min": 1.0,
            "max": 1.0,
            "count": 14
        },
        "DollAgent.Losses.PolicyLoss.mean": {
            "value": 0.029793936544350193,
            "min": 0.0191670458104151,
            "max": 0.029793936544350193,
            "count": 13
        },
        "DollAgent.Losses.PolicyLoss.sum": {
            "value": 0.029793936544350193,
            "min": 0.0191670458104151,
            "max": 0.029793936544350193,
            "count": 13
        },
        "DollAgent.Losses.ValueLoss.mean": {
            "value": 24499049.066666666,
            "min": 12142.07119140625,
            "max": 24499049.066666666,
            "count": 13
        },
        "DollAgent.Losses.ValueLoss.sum": {
            "value": 24499049.066666666,
            "min": 12142.07119140625,
            "max": 24499049.066666666,
            "count": 13
        },
        "DollAgent.Policy.LearningRate.mean": {
            "value": 0.0002959990513336501,
            "min": 0.0002959990513336501,
            "max": 0.0002996923801025401,
            "count": 13
        },
        "DollAgent.Policy.LearningRate.sum": {
            "value": 0.0002959990513336501,
            "min": 0.0002959990513336501,
            "max": 0.0002996923801025401,
            "count": 13
        },
        "DollAgent.Policy.Epsilon.mean": {
            "value": 0.19866635,
            "min": 0.19866635,
            "max": 0.19989745999999997,
            "count": 13
        },
        "DollAgent.Policy.Epsilon.sum": {
            "value": 0.19866635,
            "min": 0.19866635,
            "max": 0.19989745999999997,
            "count": 13
        },
        "DollAgent.Policy.Beta.mean": {
            "value": 0.0004934651149999999,
            "min": 0.0004934651149999999,
            "max": 0.0004994975540000001,
            "count": 13
        },
        "DollAgent.Policy.Beta.sum": {
            "value": 0.0004934651149999999,
            "min": 0.0004934651149999999,
            "max": 0.0004994975540000001,
            "count": 13
        }
    },
    "metadata": {
        "timer_format_version": "0.1.0",
        "start_time_seconds": "1746889272",
        "python_version": "3.10.11 (tags/v3.10.11:7d4cc5a, Apr  5 2023, 00:38:17) [MSC v.1929 64 bit (AMD64)]",
        "command_line_arguments": "C:\\Users\\arron\\AppData\\Local\\Programs\\Python\\Python310\\Scripts\\mlagents-learn Assets\\DollAgentConfig.yaml --run-id=doll_multi_run_007x12 --force",
        "mlagents_version": "1.1.0",
        "mlagents_envs_version": "1.1.0",
        "communication_protocol_version": "1.5.0",
        "pytorch_version": "2.6.0+cpu",
        "numpy_version": "1.23.5",
        "end_time_seconds": "1746889580"
    },
    "total": 307.5714612000156,
    "count": 1,
    "self": 0.005389500176534057,
    "children": {
        "run_training.setup": {
            "total": 0.07341749989427626,
            "count": 1,
            "self": 0.07341749989427626
        },
        "TrainerController.start_learning": {
            "total": 307.4926541999448,
            "count": 1,
            "self": 0.3552537059877068,
            "children": {
                "TrainerController._reset_env": {
                    "total": 17.528510000091046,
                    "count": 1,
                    "self": 17.528510000091046
                },
                "TrainerController.advance": {
                    "total": 289.5170955937356,
                    "count": 17554,
                    "self": 0.29228650545701385,
                    "children": {
                        "env_step": {
                            "total": 243.93497969699092,
                            "count": 17554,
                            "self": 227.40061247255653,
                            "children": {
                                "SubprocessEnvManager._take_step": {
                                    "total": 16.323871512664482,
                                    "count": 17554,
                                    "self": 0.5968612136784941,
                                    "children": {
                                        "TorchPolicy.evaluate": {
                                            "total": 15.727010298985988,
                                            "count": 11862,
                                            "self": 15.727010298985988
                                        }
                                    }
                                },
                                "workers": {
                                    "total": 0.21049571176990867,
                                    "count": 17553,
                                    "self": 0.0,
                                    "children": {
                                        "worker_root": {
                                            "total": 227.93598459241912,
                                            "count": 17553,
                                            "is_parallel": true,
                                            "self": 81.99354069889523,
                                            "children": {
                                                "steps_from_proto": {
                                                    "total": 0.0007413998246192932,
                                                    "count": 1,
                                                    "is_parallel": true,