{
    "name": "root",
    "gauges": {
        "DollAgent.Policy.Entropy.mean": {
            "value": 1.4198302030563354,
            "min": 1.418938398361206,
            "max": 1.4198302030563354,
            "count": 3
        },
        "DollAgent.Policy.Entropy.sum": {
            "value": 14064.837890625,
            "min": 14064.837890625,
            "max": 14447.630859375,
            "count": 3
        },
        "DollAgent.Environment.EpisodeLength.mean": {
            "value": 90.07272727272728,
            "min": 83.3529411764706,
            "max": 90.07272727272728,
            "count": 3
        },
        "DollAgent.Environment.EpisodeLength.sum": {
            "value": 9908.0,
            "min": 9903.0,
            "max": 9919.0,
            "count": 3
        },
        "DollAgent.Step.mean": {
            "value": 29973.0,
            "min": 9880.0,
            "max": 29973.0,
            "count": 3
        },
        "DollAgent.Step.sum": {
            "value": 29973.0,
            "min": 9880.0,
            "max": 29973.0,
            "count": 3
        },
        "DollAgent.Policy.ExtrinsicValueEstimate.mean": {
            "value": 14.405357360839844,
            "min": -0.2199472039937973,
            "max": 14.405357360839844,
            "count": 3
        },
        "DollAgent.Policy.ExtrinsicValueEstimate.sum": {
            "value": 1584.58935546875,
            "min": -25.64950180053711,
            "max": 1584.58935546875,
            "count": 3
        },
        "DollAgent.Policy.CuriosityValueEstimate.mean": {
            "value": 0.5117006897926331,
            "min": 0.050106603652238846,
            "max": 0.5117006897926331,
            "count": 3
        },
        "DollAgent.Policy.CuriosityValueEstimate.sum": {
            "value": 56.287078857421875,
            "min": 5.511726379394531,
            "max": 56.287078857421875,
            "count": 3
        },
        "DollAgent.Environment.CumulativeReward.mean": {
            "value": 196.65752140391956,
            "min": 183.59214205701812,
            "max": 196.65752140391956,
            "count": 3
        },
        "DollAgent.Environment.CumulativeReward.sum": {
            "value": 21632.327354431152,
            "min": 21393.96420288086,
            "max": 21847.464904785156,
            "count": 3
        },
        "DollAgent.Policy.ExtrinsicReward.mean": {
            "value": 196.65752140391956,
            "min": 183.59214205701812,
            "max": 196.65752140391956,
            "count": 3
        },
        "DollAgent.Policy.ExtrinsicReward.sum": {
            "value": 21632.327354431152,
            "min": 21393.96420288086,
            "max": 21847.464904785156,
            "count": 3
        },
        "DollAgent.Policy.CuriosityReward.mean": {
            "value": 47.56226444244385,
            "min": 0.0,
            "max": 47.56226444244385,
            "count": 3
        },
        "DollAgent.Policy.CuriosityReward.sum": {
            "value": 5231.849088668823,
            "min": 0.0,
            "max": 5231.849088668823,
            "count": 3
        },
        "DollAgent.IsTraining.mean": {
            "value": 1.0,
            "min": 1.0,
            "max": 1.0,
            "count": 3
        },
        "DollAgent.IsTraining.sum": {
            "value": 1.0,
            "min": 1.0,
            "max": 1.0,
            "count": 3
        },
        "DollAgent.Losses.PolicyLoss.mean": {
            "value": 0.01851955321501009,
            "min": 0.01851955321501009,
            "max": 0.01851955321501009,
            "count": 1
        },
        "DollAgent.Losses.PolicyLoss.sum": {
            "value": 0.01851955321501009,
            "min": 0.01851955321501009,
            "max": 0.01851955321501009,
            "count": 1
        },
        "DollAgent.Losses.ValueLoss.mean": {
            "value": 1401.5284265136718,
            "min": 1401.5284265136718,
            "max": 1401.5284265136718,
            "count": 1
        },
        "DollAgent.Losses.ValueLoss.sum": {
            "value": 1401.5284265136718,
            "min": 1401.5284265136718,
            "max": 1401.5284265136718,
            "count": 1
        },
        "DollAgent.Policy.LearningRate.mean": {
            "value": 9.997433377566626e-05,
            "min": 9.997433377566626e-05,
            "max": 9.997433377566626e-05,
            "count": 1
        },
        "DollAgent.Policy.LearningRate.sum": {
            "value": 9.997433377566626e-05,
            "min": 9.997433377566626e-05,
            "max": 9.997433377566626e-05,
            "count": 1
        },
        "DollAgent.Policy.Epsilon.mean": {
            "value": 0.14998716687500002,
            "min": 0.14998716687500002,
            "max": 0.14998716687500002,
            "count": 1
        },
        "DollAgent.Policy.Epsilon.sum": {
            "value": 0.14998716687500002,
            "min": 0.14998716687500002,
            "max": 0.14998716687500002,
            "count": 1
        },
        "DollAgent.Policy.Beta.mean": {
            "value": 0.0009997459041250001,
            "min": 0.0009997459041250001,
            "max": 0.0009997459041250001,
            "count": 1
        },
        "DollAgent.Policy.Beta.sum": {
            "value": 0.0009997459041250001,
            "min": 0.0009997459041250001,
            "max": 0.0009997459041250001,
            "count": 1
        },
        "DollAgent.Losses.CuriosityForwardLoss.mean": {
            "value": 11415.609969177247,
            "min": 11415.609969177247,
            "max": 11415.609969177247,
            "count": 1
        },
        "DollAgent.Losses.CuriosityForwardLoss.sum": {
            "value": 11415.609969177247,
            "min": 11415.609969177247,
            "max": 11415.609969177247,
            "count": 1
        },
        "DollAgent.Losses.CuriosityInverseLoss.mean": {
            "value": 3812.3177375793457,
            "min": 3812.3177375793457,
            "max": 3812.3177375793457,
            "count": 1
        },
        "DollAgent.Losses.CuriosityInverseLoss.sum": {
            "value": 3812.3177375793457,
            "min": 3812.3177375793457,
            "max": 3812.3177375793457,
            "count": 1
        }
    },
    "metadata": {
        "timer_format_version": "0.1.0",
        "start_time_seconds": "1749564810",
        "python_version": "3.10.11 (tags/v3.10.11:7d4cc5a, Apr  5 2023, 00:38:17) [MSC v.1929 64 bit (AMD64)]",
        "command_line_arguments": "C:\\Users\\arron\\AppData\\Local\\Programs\\Python\\Python310\\Scripts\\mlagents-learn Assets\\DollAgentConfig.yaml --run-id=dollx8_100625 --num-areas=6 --time-scale=8 --force",
        "mlagents_version": "1.1.0",
        "mlagents_envs_version": "1.1.0",
        "communication_protocol_version": "1.5.0",
        "pytorch_version": "2.6.0+cpu",
        "numpy_version": "1.23.5",
        "end_time_seconds": "1749564985"
    },
    "total": 174.83619119995274,
    "count": 1,
    "self": 0.00565499986987561,
    "children": {
        "run_training.setup": {
            "total": 0.07956740004010499,
            "count": 1,
            "self": 0.07956740004010499
        },
        "TrainerController.start_learning": {
            "total": 174.75096880004276,
            "count": 1,
            "self": 0.13731939846184105,
            "children": {
                "TrainerController._reset_env": {
                    "total": 5.119578600046225,
                    "count": 1,
                    "self": 5.119578600046225
                },
                "TrainerController.advance": {
                    "total": 169.25793760153465,
                    "count": 6774,
                    "self": 0.1266226980369538,
                    "children": {
                        "env_step": {
                            "total": 128.49100140715018,
                            "count": 6774,
                            "self": 118.39401561534032,