{
    "name": "root",
    "gauges": {
        "DollAgent.Policy.Entropy.mean": {
            "value": 1.4112075567245483,
            "min": 1.4112075567245483,
            "max": 1.4194060564041138,
            "count": 43
        },
        "DollAgent.Policy.Entropy.sum": {
            "value": 14055.626953125,
            "min": 13906.1640625,
            "max": 14405.0615234375,
            "count": 43
        },
        "DollAgent.Environment.EpisodeLength.mean": {
            "value": 14.451612903225806,
            "min": 12.847977684797769,
            "max": 14.871019108280255,
            "count": 43
        },
        "DollAgent.Environment.EpisodeLength.sum": {
            "value": 9408.0,
            "min": 9212.0,
            "max": 9421.0,
            "count": 43
        },
        "DollAgent.Step.mean": {
            "value": 429996.0,
            "min": 9989.0,
            "max": 429996.0,
            "count": 43
        },
        "DollAgent.Step.sum": {
            "value": 429996.0,
            "min": 9989.0,
            "max": 429996.0,
            "count": 43
        },
        "DollAgent.Policy.ExtrinsicValueEstimate.mean": {
            "value": 28.995912551879883,
            "min": 0.0,
            "max": 34.389530181884766,
            "count": 43
        },
        "DollAgent.Policy.ExtrinsicValueEstimate.sum": {
            "value": 19079.310546875,
            "min": 0.0,
            "max": 23694.38671875,
            "count": 43
        },
        "DollAgent.Environment.CumulativeReward.mean": {
            "value": 10.007290484901581,
            "min": 7.503107126859518,
            "max": 10.855055694418375,
            "count": 43
        },
        "DollAgent.Environment.CumulativeReward.sum": {
            "value": 6514.746105670929,
            "min": 5364.7215957045555,
            "max": 6882.1053102612495,
            "count": 43
        },
        "DollAgent.Policy.ExtrinsicReward.mean": {
            "value": 10.007290484901581,
            "min": 7.503107126859518,
            "max": 10.855055694418375,
            "count": 43
        },
        "DollAgent.Policy.ExtrinsicReward.sum": {
            "value": 6514.746105670929,
            "min": 5364.7215957045555,
            "max": 6882.1053102612495,
            "count": 43
        },
        "DollAgent.IsTraining.mean": {
            "value": 1.0,
            "min": 1.0,
            "max": 1.0,
            "count": 43
        },
        "DollAgent.IsTraining.sum": {
            "value": 1.0,
            "min": 1.0,
            "max": 1.0,
            "count": 43
        },
        "DollAgent.Losses.PolicyLoss.mean": {
            "value": 0.027077523476327768,
            "min": 0.016833106071377793,
            "max": 0.031503147631883624,
            "count": 41
        },
        "DollAgent.Losses.PolicyLoss.sum": {
            "value": 0.027077523476327768,
            "min": 0.016833106071377793,
            "max": 0.031503147631883624,
            "count": 41
        },
        "DollAgent.Losses.ValueLoss.mean": {
            "value": 1238.1924845377605,
            "min": 257.34104817708334,
            "max": 1638.9665079752604,
            "count": 41
        },
        "DollAgent.Losses.ValueLoss.sum": {
            "value": 1238.1924845377605,
            "min": 257.34104817708334,
            "max": 1638.9665079752604,
            "count": 41
        },
        "DollAgent.Policy.LearningRate.mean": {
            "value": 0.00028738758420414,
            "min": 0.00028738758420414,
            "max": 0.0002996923801025401,
            "count": 41
        },
        "DollAgent.Policy.LearningRate.sum": {
            "value": 0.00028738758420414,
            "min": 0.00028738758420414,
            "max": 0.0002996923801025401,
            "count": 41
        },
        "DollAgent.Policy.Epsilon.mean": {
            "value": 0.19579585999999993,
            "min": 0.19579585999999993,
            "max": 0.19989745999999997,
            "count": 41
        },
        "DollAgent.Policy.Epsilon.sum": {
            "value": 0.19579585999999993,
            "min": 0.19579585999999993,
            "max": 0.19989745999999997,
            "count": 41
        },
        "DollAgent.Policy.Beta.mean": {
            "value": 0.000479399714,
            "min": 0.000479399714,
            "max": 0.0004994975540000001,
            "count": 41
        },
        "DollAgent.Policy.Beta.sum": {
            "value": 0.000479399714,
            "min": 0.000479399714,
            "max": 0.0004994975540000001,
            "count": 41
        }
    },
    "metadata": {
        "timer_format_version": "0.1.0",
        "start_time_seconds": "1746920936",
        "python_version": "3.10.11 (tags/v3.10.11:7d4cc5a, Apr  5 2023, 00:38:17) [MSC v.1929 64 bit (AMD64)]",
        "command_line_arguments": "C:\\Users\\arron\\AppData\\Local\\Programs\\Python\\Python310\\Scripts\\mlagents-learn Assets\\DollAgentConfig.yaml --run-id=doll_multi_run_reward_at_end_only_003x12 --force",
        "mlagents_version": "1.1.0",
        "mlagents_envs_version": "1.1.0",
        "communication_protocol_version": "1.5.0",
        "pytorch_version": "2.6.0+cpu",
        "numpy_version": "1.23.5",
        "end_time_seconds": "1746921677"
    },
    "total": 741.5332125001587,
    "count": 1,
    "self": 0.10105370008386672,
    "children": {
        "run_training.setup": {
            "total": 0.11631130008026958,
            "count": 1,
            "self": 0.11631130008026958
        },
        "TrainerController.start_learning": {
            "total": 741.3158474999946,
            "count": 1,
            "self": 1.0414923131465912,
            "children": {
                "TrainerController._reset_env": {
                    "total": 14.415143299847841,
                    "count": 1,
                    "self": 14.415143299847841
                },
                "TrainerController.advance": {
                    "total": 725.7813022870105,
                    "count": 53243,
                    "self": 0.8766051304992288,
                    "children": {
                        "env_step": {
                            "total": 584.7600548914634,
                            "count": 53243,
                            "self": 534.7790518782567,
                            "children": {
                                "SubprocessEnvManager._take_step": {
                                    "total": 49.31440365454182,
                                    "count": 53243,
                                    "self": 1.8932320261374116,
                                    "children": {
                                        "TorchPolicy.evaluate": {
                                            "total": 47.42117162840441,
                                            "count": 35973,
                                            "self": 47.42117162840441
                                        }
                                    }
                                },
                                "workers": {
                                    "total": 0.6665993586648256,
                                    "count": 53242,
                                    "self": 0.0,
                                    "children": {
                                        "worker_root": {
                                            "total": 664.017733521061,
                                            "count": 53242,
                                            "is_parallel": true,
                                            "self": 248.66970543866046,
                                            "children": {
                                                "steps_from_proto": {
                                                    "total": 0.0007374999113380909,
                                                    "count": 1,
                                                    "is_parallel": true,