{
    "name": "root",
    "gauges": {
        "DollAgent.Policy.Entropy.mean": {
            "value": 1.3959213495254517,
            "min": 1.3959213495254517,
            "max": 1.422447919845581,
            "count": 52
        },
        "DollAgent.Policy.Entropy.sum": {
            "value": 13430.1591796875,
            "min": 13430.1591796875,
            "max": 14494.455078125,
            "count": 52
        },
        "DollAgent.Environment.EpisodeLength.mean": {
            "value": 106.97826086956522,
            "min": 50.0969387755102,
            "max": 106.97826086956522,
            "count": 52
        },
        "DollAgent.Environment.EpisodeLength.sum": {
            "value": 9842.0,
            "min": 9778.0,
            "max": 9973.0,
            "count": 52
        },
        "DollAgent.Step.mean": {
            "value": 519812.0,
            "min": 9968.0,
            "max": 519812.0,
            "count": 52
        },
        "DollAgent.Step.sum": {
            "value": 519812.0,
            "min": 9968.0,
            "max": 519812.0,
            "count": 52
        },
        "DollAgent.Policy.ExtrinsicValueEstimate.mean": {
            "value": 141.76840209960938,
            "min": 0.011626094579696655,
            "max": 141.76840209960938,
            "count": 52
        },
        "DollAgent.Policy.ExtrinsicValueEstimate.sum": {
            "value": 13042.693359375,
            "min": 2.255462408065796,
            "max": 14702.3349609375,
            "count": 52
        },
        "DollAgent.Policy.CuriosityValueEstimate.mean": {
            "value": 5.011258125305176,
            "min": 0.1450376659631729,
            "max": 5.011258125305176,
            "count": 52
        },
        "DollAgent.Policy.CuriosityValueEstimate.sum": {
            "value": 461.0357360839844,
            "min": 28.13730812072754,
            "max": 633.7172241210938,
            "count": 52
        },
        "DollAgent.Environment.CumulativeReward.mean": {
            "value": 435.9370759051779,
            "min": 190.72950308101693,
            "max": 442.1960816742272,
            "count": 52
        },
        "DollAgent.Environment.CumulativeReward.sum": {
            "value": 40106.21098327637,
            "min": 37001.523597717285,
            "max": 41909.343002319336,
            "count": 52
        },
        "DollAgent.Policy.ExtrinsicReward.mean": {
            "value": 435.9370759051779,
            "min": 190.72950308101693,
            "max": 442.1960816742272,
            "count": 52
        },
        "DollAgent.Policy.ExtrinsicReward.sum": {
            "value": 40106.21098327637,
            "min": 37001.523597717285,
            "max": 41909.343002319336,
            "count": 52
        },
        "DollAgent.Policy.CuriosityReward.mean": {
            "value": 5.103336759235548,
            "min": 0.0,
            "max": 12.739370954953706,
            "count": 52
        },
        "DollAgent.Policy.CuriosityReward.sum": {
            "value": 469.5069818496704,
            "min": 0.0,
            "max": 2484.177336215973,
            "count": 52
        },
        "DollAgent.IsTraining.mean": {
            "value": 1.0,
            "min": 1.0,
            "max": 1.0,
            "count": 52
        },
        "DollAgent.IsTraining.sum": {
            "value": 1.0,
            "min": 1.0,
            "max": 1.0,
            "count": 52
        },
        "DollAgent.Losses.PolicyLoss.mean": {
            "value": 0.019394503253279252,
            "min": 0.01386847949528601,
            "max": 0.02111831883434206,
            "count": 25
        },
        "DollAgent.Losses.PolicyLoss.sum": {
            "value": 0.019394503253279252,
            "min": 0.01386847949528601,
            "max": 0.02111831883434206,
            "count": 25
        },
        "DollAgent.Losses.ValueLoss.mean": {
            "value": 77.10219970703125,
            "min": 24.431173973083496,
            "max": 296.2324044418335,
            "count": 25
        },
        "DollAgent.Losses.ValueLoss.sum": {
            "value": 77.10219970703125,
            "min": 24.431173973083496,
            "max": 296.2324044418335,
            "count": 25
        },
        "DollAgent.Policy.LearningRate.mean": {
            "value": 9.935877189122876e-05,
            "min": 9.935877189122876e-05,
            "max": 9.997435627564374e-05,
            "count": 25
        },
        "DollAgent.Policy.LearningRate.sum": {
            "value": 9.935877189122876e-05,
            "min": 9.935877189122876e-05,
            "max": 9.997435627564374e-05,
            "count": 25
        },
        "DollAgent.Policy.Epsilon.mean": {
            "value": 0.14967938562500002,
            "min": 0.14967938562500002,
            "max": 0.149987178125,
            "count": 25
        },
        "DollAgent.Policy.Epsilon.sum": {
            "value": 0.14967938562500002,
            "min": 0.14967938562500002,
            "max": 0.149987178125,
            "count": 25
        },
        "DollAgent.Policy.Beta.mean": {
            "value": 0.0009936518353750002,
            "min": 0.0009936518353750002,
            "max": 0.000999746126875,
            "count": 25
        },
        "DollAgent.Policy.Beta.sum": {
            "value": 0.0009936518353750002,
            "min": 0.0009936518353750002,
            "max": 0.000999746126875,
            "count": 25
        },
        "DollAgent.Losses.CuriosityForwardLoss.mean": {
            "value": 0.8729808640480041,
            "min": 0.8702834725379944,
            "max": 17.47511245727539,
            "count": 25
        },
        "DollAgent.Losses.CuriosityForwardLoss.sum": {
            "value": 0.8729808640480041,
            "min": 0.8702834725379944,
            "max": 17.47511245727539,
            "count": 25
        },
        "DollAgent.Losses.CuriosityInverseLoss.mean": {
            "value": 38.88195068359375,
            "min": 38.88195068359375,
            "max": 59.65308151245117,
            "count": 25
        },
        "DollAgent.Losses.CuriosityInverseLoss.sum": {
            "value": 38.88195068359375,
            "min": 38.88195068359375,
            "max": 59.65308151245117,
            "count": 25
        }
    },
    "metadata": {
        "timer_format_version": "0.1.0",
        "start_time_seconds": "1749741178",
        "python_version": "3.10.11 (tags/v3.10.11:7d4cc5a, Apr  5 2023, 00:38:17) [MSC v.1929 64 bit (AMD64)]",
        "command_line_arguments": "C:\\Users\\arron\\AppData\\Local\\Programs\\Python\\Python310\\Scripts\\mlagents-learn Assets\\DollAgentConfig.yaml --run-id=dollx8_goal_003 --num-areas=9 --time-scale=5 --force",
        "mlagents_version": "1.1.0",
        "mlagents_envs_version": "1.1.0",
        "communication_protocol_version": "1.5.0",
        "pytorch_version": "2.6.0+cpu",
        "numpy_version": "1.23.5",
        "end_time_seconds": "1749744213"
    },
    "total": 3035.301257199957,
    "count": 1,
    "self": 0.00641369994264096,
    "children": {
        "run_training.setup": {
            "total": 0.07630409998819232,
            "count": 1,
            "self": 0.07630409998819232
        },
        "TrainerController.start_learning": {
            "total": 3035.218539400026,
            "count": 1,
            "self": 1.4719866113737226,
            "children": {
                "TrainerController._reset_env": {
                    "total": 5.076382100000046,
                    "count": 1,
                    "self": 5.076382100000046
                },
                "TrainerController.advance": {
                    "total": 3028.505279888632,
                    "count": 62618,
                    "self": 1.2951875745784491,
                    "children": {
                        "env_step": {
                            "total": 1962.937576603843,
                            "count": 62618,
                            "self": 1856.6446919956943,