{
    "name": "root",
    "gauges": {
        "DollAgent.Policy.Entropy.mean": {
            "value": 1.415926218032837,
            "min": 1.415926218032837,
            "max": 1.4224998950958252,
            "count": 25
        },
        "DollAgent.Policy.Entropy.sum": {
            "value": 14285.279296875,
            "min": 14066.0107421875,
            "max": 14583.849609375,
            "count": 25
        },
        "DollAgent.Environment.EpisodeLength.mean": {
            "value": 66.44594594594595,
            "min": 50.84974093264249,
            "max": 66.44594594594595,
            "count": 25
        },
        "DollAgent.Environment.EpisodeLength.sum": {
            "value": 9834.0,
            "min": 9784.0,
            "max": 9912.0,
            "count": 25
        },
        "DollAgent.Step.mean": {
            "value": 249948.0,
            "min": 9965.0,
            "max": 249948.0,
            "count": 25
        },
        "DollAgent.Step.sum": {
            "value": 249948.0,
            "min": 9965.0,
            "max": 249948.0,
            "count": 25
        },
        "DollAgent.Policy.ExtrinsicValueEstimate.mean": {
            "value": 97.07854461669922,
            "min": -0.10233909636735916,
            "max": 97.07854461669922,
            "count": 25
        },
        "DollAgent.Policy.ExtrinsicValueEstimate.sum": {
            "value": 14367.625,
            "min": -19.34208869934082,
            "max": 14521.50390625,
            "count": 25
        },
        "DollAgent.Policy.CuriosityValueEstimate.mean": {
            "value": 1.7874644994735718,
            "min": -0.500319242477417,
            "max": 2.712486505508423,
            "count": 25
        },
        "DollAgent.Policy.CuriosityValueEstimate.sum": {
            "value": 264.54473876953125,
            "min": -95.06065368652344,
            "max": 501.80999755859375,
            "count": 25
        },
        "DollAgent.Environment.CumulativeReward.mean": {
            "value": 269.43499879579286,
            "min": 191.50277551838772,
            "max": 269.43499879579286,
            "count": 25
        },
        "DollAgent.Environment.CumulativeReward.sum": {
            "value": 39876.379821777344,
            "min": 36677.24393463135,
            "max": 40041.57899475098,
            "count": 25
        },
        "DollAgent.Policy.ExtrinsicReward.mean": {
            "value": 269.43499879579286,
            "min": 191.50277551838772,
            "max": 269.43499879579286,
            "count": 25
        },
        "DollAgent.Policy.ExtrinsicReward.sum": {
            "value": 39876.379821777344,
            "min": 36677.24393463135,
            "max": 40041.57899475098,
            "count": 25
        },
        "DollAgent.Policy.CuriosityReward.mean": {
            "value": 4.6643294482617765,
            "min": 0.0,
            "max": 13.154717470470228,
            "count": 25
        },
        "DollAgent.Policy.CuriosityReward.sum": {
            "value": 690.3207583427429,
            "min": 0.0,
            "max": 2499.3963193893433,
            "count": 25
        },
        "DollAgent.IsTraining.mean": {
            "value": 1.0,
            "min": 1.0,
            "max": 1.0,
            "count": 25
        },
        "DollAgent.IsTraining.sum": {
            "value": 1.0,
            "min": 1.0,
            "max": 1.0,
            "count": 25
        },
        "DollAgent.Losses.PolicyLoss.mean": {
            "value": 0.01841201997413009,
            "min": 0.01512690783943981,
            "max": 0.02073489052359946,
            "count": 12
        },
        "DollAgent.Losses.PolicyLoss.sum": {
            "value": 0.01841201997413009,
            "min": 0.01512690783943981,
            "max": 0.02073489052359946,
            "count": 12
        },
        "DollAgent.Losses.ValueLoss.mean": {
            "value": 23.259191970825196,
            "min": 23.259191970825196,
            "max": 344.3760571670532,
            "count": 12
        },
        "DollAgent.Losses.ValueLoss.sum": {
            "value": 23.259191970825196,
            "min": 23.259191970825196,
            "max": 344.3760571670532,
            "count": 12
        },
        "DollAgent.Policy.LearningRate.mean": {
            "value": 9.969215030785e-05,
            "min": 9.969215030785e-05,
            "max": 9.997434377565626e-05,
            "count": 12
        },
        "DollAgent.Policy.LearningRate.sum": {
            "value": 9.969215030785e-05,
            "min": 9.969215030785e-05,
            "max": 9.997434377565626e-05,
            "count": 12
        },
        "DollAgent.Policy.Epsilon.mean": {
            "value": 0.14984607500000002,
            "min": 0.14984607500000002,
            "max": 0.149987171875,
            "count": 12
        },
        "DollAgent.Policy.Epsilon.sum": {
            "value": 0.14984607500000002,
            "min": 0.14984607500000002,
            "max": 0.149987171875,
            "count": 12
        },
        "DollAgent.Policy.Beta.mean": {
            "value": 0.000996952285,
            "min": 0.000996952285,
            "max": 0.000999746003125,
            "count": 12
        },
        "DollAgent.Policy.Beta.sum": {
            "value": 0.000996952285,
            "min": 0.000996952285,
            "max": 0.000999746003125,
            "count": 12
        },
        "DollAgent.Losses.CuriosityForwardLoss.mean": {
            "value": 1.3352468061447142,
            "min": 1.2319437646865845,
            "max": 29.522182989120484,
            "count": 12
        },
        "DollAgent.Losses.CuriosityForwardLoss.sum": {
            "value": 1.3352468061447142,
            "min": 1.2319437646865845,
            "max": 29.522182989120484,
            "count": 12
        },
        "DollAgent.Losses.CuriosityInverseLoss.mean": {
            "value": 50.472661895751955,
            "min": 50.472661895751955,
            "max": 63.90393692016602,
            "count": 12
        },
        "DollAgent.Losses.CuriosityInverseLoss.sum": {
            "value": 50.472661895751955,
            "min": 50.472661895751955,
            "max": 63.90393692016602,
            "count": 12
        }
    },
    "metadata": {
        "timer_format_version": "0.1.0",
        "start_time_seconds": "1749736801",
        "python_version": "3.10.11 (tags/v3.10.11:7d4cc5a, Apr  5 2023, 00:38:17) [MSC v.1929 64 bit (AMD64)]",
        "command_line_arguments": "C:\\Users\\arron\\AppData\\Local\\Programs\\Python\\Python310\\Scripts\\mlagents-learn Assets\\DollAgentConfig.yaml --run-id=dollx8_goal_002 --num-areas=9 --time-scale=5 --force",
        "mlagents_version": "1.1.0",
        "mlagents_envs_version": "1.1.0",
        "communication_protocol_version": "1.5.0",
        "pytorch_version": "2.6.0+cpu",
        "numpy_version": "1.23.5",
        "end_time_seconds": "1749738218"
    },
    "total": 1416.670196800027,
    "count": 1,
    "self": 0.007220199913717806,
    "children": {
        "run_training.setup": {
            "total": 0.11977320001460612,
            "count": 1,
            "self": 0.11977320001460612
        },
        "TrainerController.start_learning": {
            "total": 1416.5432034000987,
            "count": 1,
            "self": 0.6963708027033135,
            "children": {
                "TrainerController._reset_env": {
                    "total": 11.050458199926652,
                    "count": 1,
                    "self": 11.050458199926652
                },
                "TrainerController.advance": {
                    "total": 1404.5016176975332,
                    "count": 30293,
                    "self": 0.6480008140206337,
                    "children": {
                        "env_step": {
                            "total": 908.985789490398,
                            "count": 30293,
                            "self": 861.1815052992897,