{
    "name": "root",
    "gauges": {
        "DollAgent.Policy.Entropy.mean": {
            "value": 1.3087823390960693,
            "min": 1.3087823390960693,
            "max": 1.4189382791519165,
            "count": 65
        },
        "DollAgent.Policy.Entropy.sum": {
            "value": 13161.115234375,
            "min": 13104.1015625,
            "max": 14524.251953125,
            "count": 65
        },
        "DollAgent.Environment.EpisodeLength.mean": {
            "value": 19.410204081632653,
            "min": 19.21818181818182,
            "max": 58.43859649122807,
            "count": 65
        },
        "DollAgent.Environment.EpisodeLength.sum": {
            "value": 9511.0,
            "min": 9379.0,
            "max": 9993.0,
            "count": 65
        },
        "DollAgent.Step.mean": {
            "value": 649982.0,
            "min": 9994.0,
            "max": 649982.0,
            "count": 65
        },
        "DollAgent.Step.sum": {
            "value": 649982.0,
            "min": 9994.0,
            "max": 649982.0,
            "count": 65
        },
        "DollAgent.Policy.ExtrinsicValueEstimate.mean": {
            "value": 312629.15625,
            "min": 0.026661645621061325,
            "max": 321453.71875,
            "count": 65
        },
        "DollAgent.Policy.ExtrinsicValueEstimate.sum": {
            "value": 159440864.0,
            "min": 13.59743881225586,
            "max": 159440864.0,
            "count": 65
        },
        "DollAgent.Environment.CumulativeReward.mean": {
            "value": 113.54892055355772,
            "min": 112.02779404642116,
            "max": 300.8643908930379,
            "count": 65
        },
        "DollAgent.Environment.CumulativeReward.sum": {
            "value": 55638.971071243286,
            "min": 49961.41887664795,
            "max": 56222.716636657715,
            "count": 65
        },
        "DollAgent.Policy.ExtrinsicReward.mean": {
            "value": 113.54892055355772,
            "min": 112.02779404642116,
            "max": 300.8643908930379,
            "count": 65
        },
        "DollAgent.Policy.ExtrinsicReward.sum": {
            "value": 55638.971071243286,
            "min": 49961.41887664795,
            "max": 56222.716636657715,
            "count": 65
        },
        "DollAgent.IsTraining.mean": {
            "value": 1.0,
            "min": 1.0,
            "max": 1.0,
            "count": 65
        },
        "DollAgent.IsTraining.sum": {
            "value": 1.0,
            "min": 1.0,
            "max": 1.0,
            "count": 65
        },
        "DollAgent.Losses.PolicyLoss.mean": {
            "value": 0.024287803346912065,
            "min": 0.01809950028273306,
            "max": 0.03021693369373679,
            "count": 63
        },
        "DollAgent.Losses.PolicyLoss.sum": {
            "value": 0.024287803346912065,
            "min": 0.01809950028273306,
            "max": 0.03021693369373679,
            "count": 63
        },
        "DollAgent.Losses.ValueLoss.mean": {
            "value": 795649443976.5333,
            "min": 7401.297672526041,
            "max": 931591105194.6666,
            "count": 63
        },
        "DollAgent.Losses.ValueLoss.sum": {
            "value": 795649443976.5333,
            "min": 7401.297672526041,
            "max": 931591105194.6666,
            "count": 63
        },
        "DollAgent.Policy.LearningRate.mean": {
            "value": 0.0002806146364617899,
            "min": 0.0002806146364617899,
            "max": 0.0002996923201025599,
            "count": 63
        },
        "DollAgent.Policy.LearningRate.sum": {
            "value": 0.0002806146364617899,
            "min": 0.0002806146364617899,
            "max": 0.0002996923201025599,
            "count": 63
        },
        "DollAgent.Policy.Epsilon.mean": {
            "value": 0.19353820999999996,
            "min": 0.19353820999999996,
            "max": 0.19989744,
            "count": 63
        },
        "DollAgent.Policy.Epsilon.sum": {
            "value": 0.19353820999999996,
            "min": 0.19353820999999996,
            "max": 0.19989744,
            "count": 63
        },
        "DollAgent.Policy.Beta.mean": {
            "value": 0.0004683372290000001,
            "min": 0.0004683372290000001,
            "max": 0.0004994974559999999,
            "count": 63
        },
        "DollAgent.Policy.Beta.sum": {
            "value": 0.0004683372290000001,
            "min": 0.0004683372290000001,
            "max": 0.0004994974559999999,
            "count": 63
        }
    },
    "metadata": {
        "timer_format_version": "0.1.0",
        "start_time_seconds": "1746886766",
        "python_version": "3.10.11 (tags/v3.10.11:7d4cc5a, Apr  5 2023, 00:38:17) [MSC v.1929 64 bit (AMD64)]",
        "command_line_arguments": "C:\\Users\\arron\\AppData\\Local\\Programs\\Python\\Python310\\Scripts\\mlagents-learn Assets\\DollAgentConfig.yaml --run-id=doll_multi_run_004x12 --force",
        "mlagents_version": "1.1.0",
        "mlagents_envs_version": "1.1.0",
        "communication_protocol_version": "1.5.0",
        "pytorch_version": "2.6.0+cpu",
        "numpy_version": "1.23.5",
        "end_time_seconds": "1746887736"
    },
    "total": 970.5297974001151,
    "count": 1,
    "self": 0.006274700164794922,
    "children": {
        "run_training.setup": {
            "total": 0.07420319993980229,
            "count": 1,
            "self": 0.07420319993980229
        },
        "TrainerController.start_learning": {
            "total": 970.4493195000105,
            "count": 1,
            "self": 1.4365396020002663,
            "children": {
                "TrainerController._reset_env": {
                    "total": 10.064971099840477,
                    "count": 1,
                    "self": 10.064971099840477
                },
                "TrainerController.advance": {
                    "total": 958.8719781981781,
                    "count": 70479,
                    "self": 1.2711294379550964,
                    "children": {
                        "env_step": {
                            "total": 764.0858398359269,
                            "count": 70479,
                            "self": 685.1322708772495,
                            "children": {
                                "SubprocessEnvManager._take_step": {
                                    "total": 78.0618528763298,
                                    "count": 70479,
                                    "self": 3.1841105888597667,
                                    "children": {
                                        "TorchPolicy.evaluate": {
                                            "total": 74.87774228747003,
                                            "count": 54328,
                                            "self": 74.87774228747003
                                        }
                                    }
                                },
                                "workers": {
                                    "total": 0.891716082347557,
                                    "count": 70478,
                                    "self": 0.0,
                                    "children": {
                                        "worker_root": {
                                            "total": 953.6794529166073,
                                            "count": 70478,
                                            "is_parallel": true,
                                            "self": 355.0218185898848,
                                            "children": {
                                                "steps_from_proto": {
                                                    "total": 0.0007412999402731657,
                                                    "count": 1,
                                                    "is_parallel": true,